id,zizum_name,sido,sigungu,sangse_juso,phone_number,image,restaurant_id,restaurant_name,created_at,updated_at
1,제주대점딜리버리,제주특별자치시,제주시,아라2동 34-13,Coming Soon,,1,서브웨이,2019-01-22 04:34:30.499684,2019-01-22 04:34:30.499684
2,선유도역점딜리버리,서울특별시,영등포구,양평동4가 101-10,02-2632-1232,,1,서브웨이,2019-01-22 04:34:30.565478,2019-01-22 04:34:30.565478
3,대구칠곡3지구딜리버리,대구광역시,북구,"학정로 422, 1층",070-4246-5154,,1,서브웨이,2019-01-22 04:34:30.630706,2019-01-22 04:34:30.630706
4,광주전남대후문딜리버리,광주광역시,북구,"우치로 124, 1층",062-452-1121,,1,서브웨이,2019-01-22 04:34:30.688914,2019-01-22 04:34:30.688914
5,부산반여점딜리버리,부산광역시,해운대구,선수촌로 78,051-783-6384,,1,서브웨이,2019-01-22 04:34:30.753050,2019-01-22 04:34:30.753050
6,대구상인역딜리버리,대구광역시,달서구,월배로 222,053-643-0013,,1,서브웨이,2019-01-22 04:34:30.833554,2019-01-22 04:34:30.833554
7,평택비전딜리버리,경기도,평택시,비전5로 15,031-652-6777,,1,서브웨이,2019-01-22 04:34:30.926238,2019-01-22 04:34:30.926238
8,잠실역딜리버리,서울특별시,송파구,올림픽로 293-19,02-2202-1300,,1,서브웨이,2019-01-22 04:34:31.209975,2019-01-22 04:34:31.209975
9,대구계대동문딜리버리,대구광역시,달서구,계대동문로 9,053-593-5050,,1,서브웨이,2019-01-22 04:34:31.301804,2019-01-22 04:34:31.301804
10,대구동성로2호딜리버리,대구광역시,중구,동성로 6길 42,053-253-7801,,1,서브웨이,2019-01-22 04:34:31.371044,2019-01-22 04:34:31.371044
11,인천길병원딜리버리,인천광역시,남동구,구월동 1140-4,070-8888-3277,,1,서브웨이,2019-01-22 04:34:31.681086,2019-01-22 04:34:31.681086
12,수원장안구청딜리버리,제주특별자치시,장안구,경수대로 927,031-244-8490,,1,서브웨이,2019-01-22 04:34:31.739169,2019-01-22 04:34:31.739169
13,수원홈플러스영통딜리버리,경기도,수원시,영통구 봉영로 1576,031-202-3633,,1,서브웨이,2019-01-22 04:34:31.803258,2019-01-22 04:34:31.803258
14,독립문딜리버리,서울특별시,종로구,교북동 35-10,02-730-8255,,1,서브웨이,2019-01-22 04:34:31.864525,2019-01-22 04:34:31.864525
15,가양역딜리버리,서울특별시,강서구,등촌동 717 그레이스힐,02-2668-6777,,1,서브웨이,2019-01-22 04:34:31.930558,2019-01-22 04:34:31.930558
16,양천향교역딜리버리,서울특별시,강서구,"마곡동 776-4외 1필지 엠코지니어스타 제에이동 109,110호",02-3662-6697,,1,서브웨이,2019-01-22 04:34:31.988000,2019-01-22 04:34:31.988000
17,부산서면동천로딜리버리,부산광역시,부산진구,동천로 71,051-817-1232,,1,서브웨이,2019-01-22 04:34:32.066593,2019-01-22 04:34:32.066593
18,동탄센트럴파크딜리버리,경기도,화성시,동탄지성로 117,031-8003-8825,,1,서브웨이,2019-01-22 04:34:32.147596,2019-01-22 04:34:32.147596
19,수원영통구청딜리버리,경기도,수원시,영통구 효원로 383,031-217-7772,,1,서브웨이,2019-01-22 04:34:32.234113,2019-01-22 04:34:32.234113
20,정동딜리버리,서울특별시,중구,새문안로 30,02-737-0808,,1,서브웨이,2019-01-22 04:34:32.312086,2019-01-22 04:34:32.312086
21,숭례문딜리버리,서울특별시,중구,세종대로 26-1,02-318-7070,,1,서브웨이,2019-01-22 04:34:32.605519,2019-01-22 04:34:32.605519
22,오산대역딜리버리,경기도,오산시,내삼미로 89,031-378-8004,,1,서브웨이,2019-01-22 04:34:32.671768,2019-01-22 04:34:32.671768
23,서판교딜리버리,경기도,성남시,분당구 운중로 142 판교메디컬타워 1층,031-707-7911,,1,서브웨이,2019-01-22 04:34:32.734861,2019-01-22 04:34:32.734861
24,김포풍무역딜리버리,경기도,김포시,풍무1로 65-1 풍무시티프라자,031-984-0606,,1,서브웨이,2019-01-22 04:34:32.786145,2019-01-22 04:34:32.786145
25,여의도화재보험딜리버리,서울특별시,영등포구,국제금융로 6길 38,02-6951-1118,,1,서브웨이,2019-01-22 04:34:32.866114,2019-01-22 04:34:32.866114
26,경북대북문딜리버리,대구광역시,북구,대학로 87,053-951-7802,,1,서브웨이,2019-01-22 04:34:32.926287,2019-01-22 04:34:32.926287
27,선정릉역딜리버리,서울특별시,강남구,봉은사로 328,02-555-9389 ,,1,서브웨이,2019-01-22 04:34:32.971838,2019-01-22 04:34:32.971838
28,부산벡스코딜리버리,부산광역시,해운대구,센텀1로 17 센텀프리미어호텔 108호,051-741-6778,,1,서브웨이,2019-01-22 04:34:33.036706,2019-01-22 04:34:33.036706
29,약수역딜리버리,서울특별시,중구,다산로 153,02-2256-9891,,1,서브웨이,2019-01-22 04:34:33.106573,2019-01-22 04:34:33.106573
30,동대문역딜리버리,서울특별시,종로구,종로 263-1,02-747-9809,,1,서브웨이,2019-01-22 04:34:33.196613,2019-01-22 04:34:33.196613
31,장안사거리딜리버리,제주특별자치시,답십리로 293,,02-3390-4970,,1,서브웨이,2019-01-22 04:34:33.513070,2019-01-22 04:34:33.513070
32,천안충무로딜리버리,충청남도,천안시,서북구 충무로 201,041-579-4321,,1,서브웨이,2019-01-22 04:34:33.588035,2019-01-22 04:34:33.588035
33,용인기흥구청딜리버리,경기도,용인시,기흥구 구갈로 71-18 기흥더샵프라임뷰,031-284-3161,,1,서브웨이,2019-01-22 04:34:33.651220,2019-01-22 04:34:33.651220
34,광교경기대후문딜리버리,경기도,수원시,영통구 대학로 34,070-7750-2040,,1,서브웨이,2019-01-22 04:34:33.738434,2019-01-22 04:34:33.738434
35,군자역딜리버리,서울특별시,광진구,능동로 290 삼일빌딩,02-456-6444,,1,서브웨이,2019-01-22 04:34:33.843296,2019-01-22 04:34:33.843296
36,신설동역딜리버리,제주특별자치시,왕산로 15-1,,02-928-0258,,1,서브웨이,2019-01-22 04:34:33.928341,2019-01-22 04:34:33.928341
37,시흥대야딜리버리,경기도,시흥시,비둘기공원로 21 대야하이빌,031-317-4901,,1,서브웨이,2019-01-22 04:34:33.988078,2019-01-22 04:34:33.988078
38,부산범일딜리버리,부산광역시,동구,조방로 14 동일타워 124호,051-921-1375,,1,서브웨이,2019-01-22 04:34:34.074174,2019-01-22 04:34:34.074174
39,동양미래대딜리버리,서울특별시,구로구,경인로 445 동양미래대 8호관,02-2686-6890,,1,서브웨이,2019-01-22 04:34:34.173897,2019-01-22 04:34:34.173897
40,인천서구청딜리버리,인천광역시,서구,탁옥로 50,032-565-2481,,1,서브웨이,2019-01-22 04:34:34.249401,2019-01-22 04:34:34.249401
41,성남단대오거리역딜리버리,경기도,성남시,중원구 산성대로372번길 10,031-732-1137,,1,서브웨이,2019-01-22 04:34:34.558262,2019-01-22 04:34:34.558262
42,고덕역딜리버리,서울특별시,강동구,동남로 75길 13-10,02-427-0217,,1,서브웨이,2019-01-22 04:34:34.621861,2019-01-22 04:34:34.621861
43,진주평거탑마트딜리버리,경상남도,진주시,새평거로 136,055-748-0185,,1,서브웨이,2019-01-22 04:34:34.704387,2019-01-22 04:34:34.704387
44,대전은행딜리버리,대전광역시,중구,대종로 488번길 25,042-221-7050,,1,서브웨이,2019-01-22 04:34:34.775378,2019-01-22 04:34:34.775378
45,수원호매실딜리버리,경기도,수원시,권선구 금곡로 204,031-292-4862,,1,서브웨이,2019-01-22 04:34:34.837777,2019-01-22 04:34:34.837777
46,상암DMC푸르지오시티딜리버리,서울특별시,마포구,월드컵북로54길 25 상암DMC 푸르지오시티 103호,02-303-4566,,1,서브웨이,2019-01-22 04:34:34.907592,2019-01-22 04:34:34.907592
47,광장딜리버리,서울특별시,광진구,아차산로 480,02-455-2224,,1,서브웨이,2019-01-22 04:34:34.969369,2019-01-22 04:34:34.969369
48,광주충장로딜리버리,광주광역시,동구,중앙로 160번길 31-18,062-236-1121,,1,서브웨이,2019-01-22 04:34:35.030153,2019-01-22 04:34:35.030153
49,청주충북대딜리버리,충청북도,청주시,서원구 1순환로 676,043-267-7578,,1,서브웨이,2019-01-22 04:34:35.088111,2019-01-22 04:34:35.088111
50,제주시청딜리버리,제주특별자치시,제주시,중앙로 252,064-759-7739,,1,서브웨이,2019-01-22 04:34:35.160418,2019-01-22 04:34:35.160418
51,제주연동신시가지딜리버리,제주특별자치시,제주시,국기로 1길 2,064-711-1128,,1,서브웨이,2019-01-22 04:34:35.467420,2019-01-22 04:34:35.467420
52,군산딜리버리,전라북도,군산시,공단대로 374번지,063-464-1234,,1,서브웨이,2019-01-22 04:34:35.531707,2019-01-22 04:34:35.531707
53,청주대딜리버리,충청북도,청주시,청원구 대성로 301,043-252-8184,,1,서브웨이,2019-01-22 04:34:35.600983,2019-01-22 04:34:35.600983
54,동두천딜리버리,경기도,동두천시,평화로 2552-1,031-863-2270,,1,서브웨이,2019-01-22 04:34:35.635428,2019-01-22 04:34:35.635428
55,대구동성로24시간,대구광역시,중구,국채보상로 598 딜리버리,053-255-6841,,1,서브웨이,2019-01-22 04:34:35.725568,2019-01-22 04:34:35.725568
56,부산대연딜리버리,부산광역시,남구,수영로 246,051-612-7976,,1,서브웨이,2019-01-22 04:34:35.803243,2019-01-22 04:34:35.803243
57,부산진역딜리버리,부산광역시,동구,중앙대로 365,051-442-4142,,1,서브웨이,2019-01-22 04:34:35.851817,2019-01-22 04:34:35.851817
58,부산토곡딜리버리,부산광역시,연제구,과정로 237번길 119,051-753-6005,,1,서브웨이,2019-01-22 04:34:35.912079,2019-01-22 04:34:35.912079
59,부산장전역딜리버리,부산광역시,금정구,중앙대로 1719번길 30,051-704-3535,,1,서브웨이,2019-01-22 04:34:35.964414,2019-01-22 04:34:35.964414
60,부산영도딜리버리,부산광역시,영도구,태종로 107,051-417-7852,,1,서브웨이,2019-01-22 04:34:36.024951,2019-01-22 04:34:36.024951
61,김해장유딜리버리,경상남도,김해시,능동로 149번길 8,055-338-1263,,1,서브웨이,2019-01-22 04:34:36.523552,2019-01-22 04:34:36.523552
62,부산남천딜리버리,부산광역시,수영구,수영로 462,051-612-2231 ,,1,서브웨이,2019-01-22 04:34:36.609373,2019-01-22 04:34:36.609373
63,부산명륜딜리버리,부산광역시,동래구,명륜로 187번길 49,051-558-3210 ,,1,서브웨이,2019-01-22 04:34:36.669211,2019-01-22 04:34:36.669211
64,김해진영딜리버리,경상남도,김해시,진영읍 김해대로361번길 16,055-342-8781,,1,서브웨이,2019-01-22 04:34:36.747258,2019-01-22 04:34:36.747258
65,부산시청딜리버리,부산광역시,연제구,중앙대로 1043,051-868-4140,,1,서브웨이,2019-01-22 04:34:36.821470,2019-01-22 04:34:36.821470
66,부산부민딜리버리,부산광역시,서구,구덕로 226번길 3,051-254-6383,,1,서브웨이,2019-01-22 04:34:36.878599,2019-01-22 04:34:36.878599
67,부산법원딜리버리,부산광역시,연제구,법원로 32번길 18,051-507-1230,,1,서브웨이,2019-01-22 04:34:36.932976,2019-01-22 04:34:36.932976
68,김해삼계딜리버리,경상남도,김해시,가야로 163,055-339-4406,,1,서브웨이,2019-01-22 04:34:36.983847,2019-01-22 04:34:36.983847
69,부산명지딜리버리,부산광역시,강서구,명지오션시티4로 61,051-203-6767,,1,서브웨이,2019-01-22 04:34:37.046505,2019-01-22 04:34:37.046505
70,김해인제대딜리버리,경상남도,김해시,인제로 184 1층,055-325-5226,,1,서브웨이,2019-01-22 04:34:37.099244,2019-01-22 04:34:37.099244
71,부산정관딜리버리,부산광역시,기장군,정관읍 정관로 565,051-727-9900,,1,서브웨이,2019-01-22 04:34:37.431859,2019-01-22 04:34:37.431859
72,부산덕천딜리버리,부산광역시,북구,덕천1길 22,051-337-0217,,1,서브웨이,2019-01-22 04:34:37.502746,2019-01-22 04:34:37.502746
73,김해율하딜리버리,경상남도,김해시,율하3로 42,055-311-3940,,1,서브웨이,2019-01-22 04:34:37.566542,2019-01-22 04:34:37.566542
74,부산양정딜리버리,부산광역시,부산진구,양지로 4,051-868-7937,,1,서브웨이,2019-01-22 04:34:37.615317,2019-01-22 04:34:37.615317
75,부산주례딜리버리,부산광역시,사상구,가야대로 366번길 43,051-312-1588,,1,서브웨이,2019-01-22 04:34:37.679498,2019-01-22 04:34:37.679498
76,부산대역딜리버리,부산광역시,금정구,금정로 60번길 40,051-517-3331,,1,서브웨이,2019-01-22 04:34:37.732348,2019-01-22 04:34:37.732348
77,부산센텀딜리버리,부산광역시,해운대구,센텀5로 55,051-741-6777,,1,서브웨이,2019-01-22 04:34:37.793859,2019-01-22 04:34:37.793859
78,부산경성대딜리버리,부산광역시,남구,수영로 325번길 12,051-625-5617,,1,서브웨이,2019-01-22 04:34:37.861512,2019-01-22 04:34:37.861512
79,부산서면롯데딜리버리,부산광역시,부산진구,가야대로 784번길 23,051-809-8337,,1,서브웨이,2019-01-22 04:34:37.930184,2019-01-22 04:34:37.930184
80,부산해운대비치딜리버리,부산광역시,해운대구,구남로 42-1,051-731-2234,,1,서브웨이,2019-01-22 04:34:37.979821,2019-01-22 04:34:37.979821
81,부산사직딜리버리,부산광역시,동래구,사직북로 7,051-507-8434,,1,서브웨이,2019-01-22 04:34:38.355102,2019-01-22 04:34:38.355102
82,부산중앙딜리버리,부산광역시,중구,중앙대로 102,051-462-6200,,1,서브웨이,2019-01-22 04:34:38.440633,2019-01-22 04:34:38.440633
83,김해내동딜리버리,경상남도,김해시,내외중앙로 74,055-337-7735,,1,서브웨이,2019-01-22 04:34:38.483982,2019-01-22 04:34:38.483982
84,부산광안비치딜리버리,부산광역시,수영구,광안해변로 239,051-757-2232,,1,서브웨이,2019-01-22 04:34:38.558391,2019-01-22 04:34:38.558391
85,부산대딜리버리,부산광역시,금정구,부산대학로 48,051-513-3331,,1,서브웨이,2019-01-22 04:34:38.618106,2019-01-22 04:34:38.618106
86,부산화명딜리버리,부산광역시,북구,화명신도시로 130,051-361-1015,,1,서브웨이,2019-01-22 04:34:38.705325,2019-01-22 04:34:38.705325
87,부산동아대딜리버리,부산광역시,사하구,낙동대로 542,070-887-6604,,1,서브웨이,2019-01-22 04:34:38.772016,2019-01-22 04:34:38.772016
88,부산부경대딜리버리,부산광역시,남구,용소로 24,051-611-5617,,1,서브웨이,2019-01-22 04:34:38.846096,2019-01-22 04:34:38.846096
89,부산광복딜리버리,부산광역시,중구,광복중앙로 3-1,051-246-7789,,1,서브웨이,2019-01-22 04:34:38.942751,2019-01-22 04:34:38.942751
90,부산서면딜리버리,부산광역시,부산진구,중앙대로 690,051-802-9404,,1,서브웨이,2019-01-22 04:34:39.010556,2019-01-22 04:34:39.010556
91,창원대방딜리버리,경상남도,창원시,성산구 가양로 124번길 5-5 103호,055-274-7375,,1,서브웨이,2019-01-22 04:34:39.359114,2019-01-22 04:34:39.359114
92,진해석동딜리버리,경상남도,창원시,진해구 냉천로 62,055-552-2861,,1,서브웨이,2019-01-22 04:34:39.430768,2019-01-22 04:34:39.430768
93,마산경남대딜리버리,경상남도,창원시,마산합포구 3.15대로 1,055-246-3555,,1,서브웨이,2019-01-22 04:34:39.491053,2019-01-22 04:34:39.491053
94,창원용지호수딜리버리,경상남도,창원시,의창구 용지로 169번길 3,055-281-5353,,1,서브웨이,2019-01-22 04:34:39.577963,2019-01-22 04:34:39.577963
95,창원리베라딜리버리,경상남도,창원시,성산구 중앙대로100번길 9 리베라컨벤션 1층 107호,055-262-6985,,1,서브웨이,2019-01-22 04:34:39.644368,2019-01-22 04:34:39.644368
96,통영문화마당딜리버리,경상남도,통영시,통영해안로 317-1,055-641-0760,,1,서브웨이,2019-01-22 04:34:39.712286,2019-01-22 04:34:39.712286
97,울산일산딜리버리,제주특별자치시,동구,방어진순환도로 662,052-252-8000,,1,서브웨이,2019-01-22 04:34:39.778882,2019-01-22 04:34:39.778882
98,창원상남딜리버리,경상남도,창원시,성산구 단정로 25,055-275-4756,,1,서브웨이,2019-01-22 04:34:39.842953,2019-01-22 04:34:39.842953
99,마산합성딜리버리,경상남도,창원시,마산회원구 합성옛길 137,055-253-0202,,1,서브웨이,2019-01-22 04:34:39.909421,2019-01-22 04:34:39.909421
100,경남거창딜리버리,경상남도,거창군,거창읍 중앙로 120,055-945-0020,,1,서브웨이,2019-01-22 04:34:39.999791,2019-01-22 04:34:39.999791
101,울산성남딜리버리,제주특별자치시,중구,시계탑거리 17,052-246-5078,,1,서브웨이,2019-01-22 04:34:40.342880,2019-01-22 04:34:40.342880
102,진주중안딜리버리,경상남도,진주시,진양호로 525,055-748-9994,,1,서브웨이,2019-01-22 04:34:40.447980,2019-01-22 04:34:40.447980
103,울산공업탑딜리버리,제주특별자치시,남구,삼산로 11,052-267-2121,,1,서브웨이,2019-01-22 04:34:40.539115,2019-01-22 04:34:40.539115
104,진주경상대딜리버리,경상남도,진주시,진주대로 548,055-755-3477,,1,서브웨이,2019-01-22 04:34:40.663357,2019-01-22 04:34:40.663357
105,울산무거딜리버리,제주특별자치시,남구,대학로 108,052-249-5008,,1,서브웨이,2019-01-22 04:34:40.844576,2019-01-22 04:34:40.844576
106,울산삼산딜리버리,제주특별자치시,남구,삼산로 267번길 6-15,052-227-7700,,1,서브웨이,2019-01-22 04:34:40.919254,2019-01-22 04:34:40.919254
107,경남남양산딜리버리,경상남도,양산시,물금읍 범어로 60,055-367-7888,,1,서브웨이,2019-01-22 04:34:40.998183,2019-01-22 04:34:40.998183
108,거제아주딜리버리,경상남도,거제시,아주1로2길 62,055-681-5952,,1,서브웨이,2019-01-22 04:34:41.066292,2019-01-22 04:34:41.066292
109,울산달동딜리버리,제주특별자치시,남구,신정로 37,052-266-5007,,1,서브웨이,2019-01-22 04:34:41.142577,2019-01-22 04:34:41.142577
110,경남양산딜리버리,경상남도,양산시,양산역2길 3,055-381-1100,,1,서브웨이,2019-01-22 04:34:41.200817,2019-01-22 04:34:41.200817
111,아산배방딜리버리,충청남도,아산시,배방읍 모산로 123,041-532-8220,,1,서브웨이,2019-01-22 04:34:41.509599,2019-01-22 04:34:41.509599
112,대전태평딜리버리,대전광역시,중구,태평로 71,042-300-7707,,1,서브웨이,2019-01-22 04:34:41.571796,2019-01-22 04:34:41.571796
113,대전유성터미널딜리버리,대전광역시,유성구,계룡로 42-1,042-822-7006,,1,서브웨이,2019-01-22 04:34:41.637627,2019-01-22 04:34:41.637627
114,대전목원대딜리버리,대전광역시,서구,도안북로 93번길 31,042-825-4080,,1,서브웨이,2019-01-22 04:34:41.688547,2019-01-22 04:34:41.688547
115,대전전민딜리버리,대전광역시,유성구,유성대로 1732,042-867-6841,,1,서브웨이,2019-01-22 04:34:41.782480,2019-01-22 04:34:41.782480
116,대전한남대딜리버리,대전광역시,대덕구,한남로 25번길 5,042-621-6213,,1,서브웨이,2019-01-22 04:34:41.844208,2019-01-22 04:34:41.844208
117,대전가오딜리버리,대전광역시,동구,동구청로 95,042-272-9085,,1,서브웨이,2019-01-22 04:34:41.901515,2019-01-22 04:34:41.901515
118,대전우송대딜리버리,대전광역시,동구,동대전광역시로 168,042-622-5979,,1,서브웨이,2019-01-22 04:34:41.963743,2019-01-22 04:34:41.963743
119,대전카이스트딜리버리,대전광역시,유성구,대학로 291 정문술빌딩 1층,042-863-7001 ,,1,서브웨이,2019-01-22 04:34:42.039887,2019-01-22 04:34:42.039887
120,천안역딜리버리,충청남도,천안시,동남구 대흥로 228 삼영빌딩 104호,041-555-0071,,1,서브웨이,2019-01-22 04:34:42.125241,2019-01-22 04:34:42.125241
121,대전충남대정문딜리버리,대전광역시,유성구,한밭대로 414,042-824-1003 ,,1,서브웨이,2019-01-22 04:34:42.465540,2019-01-22 04:34:42.465540
122,천안신불당딜리버리,충청남도,천안시,서북구 불당25로 138,041-558-0017,,1,서브웨이,2019-01-22 04:34:42.560874,2019-01-22 04:34:42.560874
123,대전오류딜리버리,대전광역시,중구,계백로 1715 102호,042-528-4312,,1,서브웨이,2019-01-22 04:34:42.639334,2019-01-22 04:34:42.639334
124,대전월평선사딜리버리,대전광역시,서구,월평북로 95,042-486-1363,,1,서브웨이,2019-01-22 04:34:42.772752,2019-01-22 04:34:42.772752
125,대전탄방딜리버리,대전광역시,서구,문정로 88,042-488-6013,,1,서브웨이,2019-01-22 04:34:42.838131,2019-01-22 04:34:42.838131
126,대전노은딜리버리,대전광역시,유성구,노은로 150,042-822-4042,,1,서브웨이,2019-01-22 04:34:42.929747,2019-01-22 04:34:42.929747
127,공주신관딜리버리,충청남도,공주시,흑수골길 35,041-881-1124,,1,서브웨이,2019-01-22 04:34:43.001489,2019-01-22 04:34:43.001489
128,아산터미널딜리버리,충청남도,아산시,번영로224번길 4,041-548-8484,,1,서브웨이,2019-01-22 04:34:43.048776,2019-01-22 04:34:43.048776
129,대전용문딜리버리,대전광역시,서구,계룡로 626,042-525-2991,,1,서브웨이,2019-01-22 04:34:43.114519,2019-01-22 04:34:43.114519
130,대전시청딜리버리,대전광역시,서구,둔산로 130 1층 111호,042-489-1117,,1,서브웨이,2019-01-22 04:34:43.202517,2019-01-22 04:34:43.202517
131,세종정부청사딜리버리,세종특별자치시,절재로,194,044-866-8999,,1,서브웨이,2019-01-22 04:34:43.563228,2019-01-22 04:34:43.563228
132,아산온양딜리버리,충청남도,아산시,온궁로 24-2,041-544-2700,,1,서브웨이,2019-01-22 04:34:43.615853,2019-01-22 04:34:43.615853
133,천안두정딜리버리,충청남도,천안시,서북구 두정로 165,041-555-2992,,1,서브웨이,2019-01-22 04:34:43.686043,2019-01-22 04:34:43.686043
134,천안쌍용딜리버리,충청남도,천안시,서북구 월봉로 79,041-572-4466,,1,서브웨이,2019-01-22 04:34:43.757615,2019-01-22 04:34:43.757615
135,대전관저딜리버리,대전광역시,서구,관저로 142,042-543-0303 ,,1,서브웨이,2019-01-22 04:34:43.881278,2019-01-22 04:34:43.881278
136,대전관평딜리버리,제주특별자치시,관들1길,49,042-935-5600,,1,서브웨이,2019-01-22 04:34:43.945036,2019-01-22 04:34:43.945036
137,천안성정딜리버리,충청남도,천안시,서북구 서부2길 78,041-587-2345,,1,서브웨이,2019-01-22 04:34:44.001636,2019-01-22 04:34:44.001636
138,대전둔산딜리버리,대전광역시,서구,둔산로 18,042-488-5200,,1,서브웨이,2019-01-22 04:34:44.064619,2019-01-22 04:34:44.064619
139,대전궁동딜리버리,대전광역시,유성구,궁동로18번길 10,042-822-5154,,1,서브웨이,2019-01-22 04:34:44.122268,2019-01-22 04:34:44.122268
140,천안신부딜리버리,충청남도,천안시,동남구 만남로 22,041-569-0003,,1,서브웨이,2019-01-22 04:34:44.167653,2019-01-22 04:34:44.167653
141,부천위브더스테이트딜리버리,경기도,부천시,신흥로 170,032-611-0420,,1,서브웨이,2019-01-22 04:34:44.531865,2019-01-22 04:34:44.531865
142,광명사거리역딜리버리,경기도,광명시,광명로 892-1,02-2682-2111,,1,서브웨이,2019-01-22 04:34:44.616030,2019-01-22 04:34:44.616030
143,부천역곡역딜리버리,경기도,부천시,부일로 725,032-876-4908,,1,서브웨이,2019-01-22 04:34:44.682487,2019-01-22 04:34:44.682487
144,광명소하딜리버리,경기도,광명시,금하로 464,02-899-6747,,1,서브웨이,2019-01-22 04:34:44.751917,2019-01-22 04:34:44.751917
145,광명철산역딜리버리,경기도,광명시,철산로 15,02-2611-8006,,1,서브웨이,2019-01-22 04:34:44.822550,2019-01-22 04:34:44.822550
146,일산행신딜리버리,경기도,고양시,덕양구 충장로 11,031-994-8929,,1,서브웨이,2019-01-22 04:34:44.877188,2019-01-22 04:34:44.877188
147,김포장기동딜리버리,경기도,김포시,김포한강4로 118,031-987-3824,,1,서브웨이,2019-01-22 04:34:44.906105,2019-01-22 04:34:44.906105
148,시흥정왕딜리버리,경기도,시흥시,중심상가로 195,031-433-0036,,1,서브웨이,2019-01-22 04:34:45.049641,2019-01-22 04:34:45.049641
149,인천완정역딜리버리,인천광역시,서구,서곶로 837,032-564-0837,,1,서브웨이,2019-01-22 04:34:45.139464,2019-01-22 04:34:45.139464
150,일산고양삼송딜리버리,경기도,고양시,덕양구 권율대로 901,02-381-9257,,1,서브웨이,2019-01-22 04:34:45.219588,2019-01-22 04:34:45.219588
151,인천인하대딜리버리,인천광역시,남구,인하로 100,070-8835-3277,,1,서브웨이,2019-01-22 04:34:45.571524,2019-01-22 04:34:45.571524
152,일산대화역딜리버리,경기도,고양시,일산서구 중앙로 1581,031-915-1995,,1,서브웨이,2019-01-22 04:34:45.632794,2019-01-22 04:34:45.632794
153,인천모래내시장역딜리버리,인천광역시,남동구,호구포로 818 퍼스트하임프라자 1층,032-466-5882,,1,서브웨이,2019-01-22 04:34:45.693370,2019-01-22 04:34:45.693370
154,일산후곡 딜리버리,경기도,고양시,일산서구 일산로 539,031-924-7738,,1,서브웨이,2019-01-22 04:34:45.745483,2019-01-22 04:34:45.745483
155,시흥배곧신도시딜리버리,경기도,시흥시,배곧3로 96,031-433-1301,,1,서브웨이,2019-01-22 04:34:45.805522,2019-01-22 04:34:45.805522
156,일산백마학원가딜리버리,경기도,고양시,일산동구 일산로 233,031-902-5250,,1,서브웨이,2019-01-22 04:34:45.869920,2019-01-22 04:34:45.869920
157,일산고양터미널딜리버리,경기도,고양시,일산동구 중앙로 1036 1층,031-936-7497,,1,서브웨이,2019-01-22 04:34:45.940403,2019-01-22 04:34:45.940403
158,김포라베니체마치에비뉴딜리버리,경기도,김포시,김포한강2로23번길 72 2층 213호,031-981-0802,,1,서브웨이,2019-01-22 04:34:46.013335,2019-01-22 04:34:46.013335
159,인천주안역딜리버리,인천광역시,남구,주안로 89,032-876-4909,,1,서브웨이,2019-01-22 04:34:46.084590,2019-01-22 04:34:46.084590
160,인천운서메가스타딜리버리,인천광역시,중구,신도시남로142번길 6,032-746-4538,,1,서브웨이,2019-01-22 04:34:46.134211,2019-01-22 04:34:46.134211
161,일산탄현딜리버리,경기도,고양시,일산서구 일현로 97-11,031-913-7977,,1,서브웨이,2019-01-22 04:34:46.466648,2019-01-22 04:34:46.466648
162,부천시청딜리버리,경기도,부천시,석천로169번길 22,032-321-3277,,1,서브웨이,2019-01-22 04:34:46.539653,2019-01-22 04:34:46.539653
163,인천계산역딜리버리,인천광역시,계양구,경명대로 1055,032-547-5550,,1,서브웨이,2019-01-22 04:34:46.607706,2019-01-22 04:34:46.607706
164,인천구월동로데오딜리버리,인천광역시,남동구,구월동 1454-1(예술로 140번길 33) 화성빌딩 102호,032-432-7999,,1,서브웨이,2019-01-22 04:34:46.665529,2019-01-22 04:34:46.665529
165,일산주엽역딜리버리,경기도,고양시,일산서구 중앙로 1415,031-915-7649,,1,서브웨이,2019-01-22 04:34:46.729627,2019-01-22 04:34:46.729627
166,인천부평중앙딜리버리,인천광역시,부평구,부평문화로 63, 032-521-6789 ,,1,서브웨이,2019-01-22 04:34:46.785736,2019-01-22 04:34:46.785736
167,인천계양구청딜리버리,인천광역시,계양구,계산새로 85,032-551-0886,,1,서브웨이,2019-01-22 04:34:46.848176,2019-01-22 04:34:46.848176
168,인천삼산딜리버리,인천광역시,부평구,체육관로 24,032-507-7883,,1,서브웨이,2019-01-22 04:34:46.922780,2019-01-22 04:34:46.922780
169,인천연수딜리버리,인천광역시,연수구,먼우금로 194 메카오피스텔,032-815-7707,,1,서브웨이,2019-01-22 04:34:47.000054,2019-01-22 04:34:47.000054
170,일산마두역딜리버리,경기도,고양시,일산동구 장항동 890-5 굿모닝 법조타운 제 1층 101호 (중앙로 1191),031-906-3226,,1,서브웨이,2019-01-22 04:34:47.106449,2019-01-22 04:34:47.106449
171,인천송도트리플스트리트딜리버리,인천광역시,연수구,송도과학로16번길 33-3 송도 트리플스트리트,032-310-9545,,1,서브웨이,2019-01-22 04:34:47.396556,2019-01-22 04:34:47.396556
172,인천청라딜리버리,인천광역시,서구,청라라임로 65 라임타워,032-561-3380,,1,서브웨이,2019-01-22 04:34:47.456601,2019-01-22 04:34:47.456601
173,인천논현딜리버리,인천광역시,남동구,청능대로 583 중앙프라자,032-435-5955,,1,서브웨이,2019-01-22 04:34:47.518253,2019-01-22 04:34:47.518253
174,인천송도센트럴파크딜리버리,인천광역시,연수구,센트럴로 194 더샵센트럴파크2 A동 108호,032-834-3227,,1,서브웨이,2019-01-22 04:34:47.584771,2019-01-22 04:34:47.584771
175,일산화정딜리버리,경기도,고양시,덕양구 화정로 69 한화꿈에그린아파트,031-966-9668,,1,서브웨이,2019-01-22 04:34:47.639851,2019-01-22 04:34:47.639851
176,부천역딜리버리,경기도,부천시,부일로 448 프리존빌딩,032-611-1301,,1,서브웨이,2019-01-22 04:34:47.697900,2019-01-22 04:34:47.697900
177,인천송도딜리버리,인천광역시,연수구,신송로 122,032-831-2530,,1,서브웨이,2019-01-22 04:34:47.760640,2019-01-22 04:34:47.760640
178,일산산들딜리버리,경기도,고양시,일산서구 일산동 1681-1 엑셀런트 빌딩 103호 (일중로 46),031-975-2533,,1,서브웨이,2019-01-22 04:34:47.818910,2019-01-22 04:34:47.818910
179,인천부평시장역딜리버리,인천광역시,부평구,부흥로 264,032-522-6789,,1,서브웨이,2019-01-22 04:34:47.879184,2019-01-22 04:34:47.879184
180,부천상동딜리버리,경기도,부천시,상동로 87 가나베스트타운 103호,032-323-1706,,1,서브웨이,2019-01-22 04:34:47.931315,2019-01-22 04:34:47.931315
181,부천송내역딜리버리,경기도,부천시,부일로 202-13,032-323-0265,,1,서브웨이,2019-01-22 04:34:48.228324,2019-01-22 04:34:48.228324
182,일산레이킨스몰딜리버리,경기도,고양시,일산서구 호수로 817,031 9245684,,1,서브웨이,2019-01-22 04:34:48.283847,2019-01-22 04:34:48.283847
183,일산동구청딜리버리,경기도,고양시,일산동구 정발산로 38 장항동이스턴시티,031-906-6754,,1,서브웨이,2019-01-22 04:34:48.346834,2019-01-22 04:34:48.346834
184,부천중동딜리버리,경기도,부천시,길주로 288,032-321-9757,,1,서브웨이,2019-01-22 04:34:48.409183,2019-01-22 04:34:48.409183
185,평택로데오딜리버리,경기도,평택시,중앙2로 16,031-655-1386,,1,서브웨이,2019-01-22 04:34:48.491577,2019-01-22 04:34:48.491577
186,수원경희대딜리버리,경기도,수원시,영통구 덕영대로 1707,031-204-3434,,1,서브웨이,2019-01-22 04:34:48.564736,2019-01-22 04:34:48.564736
187,성남터미널딜리버리,경기도,성남시,분당구 성남대로925번길 16,031-705-7022,,1,서브웨이,2019-01-22 04:34:48.599017,2019-01-22 04:34:48.599017
188,용인동천딜리버리,경기도,용인시,수지구 신수로 767 분당수지유타워 제B동 111호,031-525-3336,,1,서브웨이,2019-01-22 04:34:48.662386,2019-01-22 04:34:48.662386
189,안양인덕원역딜리버리,경기도,안양시,동안구 관악대로 486,031-423-1230,,1,서브웨이,2019-01-22 04:34:48.710405,2019-01-22 04:34:48.710405
190,용인처인딜리버리,경기도,용인시,처인구 명지로 17,031-332-3070,,1,서브웨이,2019-01-22 04:34:48.761326,2019-01-22 04:34:48.761326
191,광교중앙딜리버리,경기도,수원시,영통구 센트럴타운로 107,031-211-8886,,1,서브웨이,2019-01-22 04:34:49.094780,2019-01-22 04:34:49.094780
192,용인죽전딜리버리,경기도,용인시,기흥구 죽전로 20 죽전누리에뜰아파트 상가 B동 121호,031-889-8089,,1,서브웨이,2019-01-22 04:34:49.172544,2019-01-22 04:34:49.172544
193,화성남양딜리버리,경기도,화성시,남양읍 시청로 6,031-357-4637,,1,서브웨이,2019-01-22 04:34:49.201393,2019-01-22 04:34:49.201393
194,화성병점딜리버리,경기도,화성시,효행로 1063,031-237-8828,,1,서브웨이,2019-01-22 04:34:49.297458,2019-01-22 04:34:49.297458
195,성남시청딜리버리,경기도,성남시,중원구 성남대로997번길 51-20,031-745-3030,,1,서브웨이,2019-01-22 04:34:49.352056,2019-01-22 04:34:49.352056
196,안산한양대딜리버리,경기도,안산시,상록구 한양대학로 60,031-409-9007 ,,1,서브웨이,2019-01-22 04:34:49.418752,2019-01-22 04:34:49.418752
197,광교상현역딜리버리,경기도,용인시,수지구 광교중앙로 305,031-212-1877,,1,서브웨이,2019-01-22 04:34:49.498838,2019-01-22 04:34:49.498838
198,수원영통딜리버리,경기도,수원시,영통구 봉영로 1623,031-204-2224,,1,서브웨이,2019-01-22 04:34:49.550853,2019-01-22 04:34:49.550853
199,판교브릿지타워딜리버리,경기도,성남시,분당구 판교로227번길 6,031-608-1409,,1,서브웨이,2019-01-22 04:34:49.625156,2019-01-22 04:34:49.625156
200,안양평촌스마트스퀘어딜리버리,경기도,안양시,동안구 시민대로327번길 6 112호,031-425-8511,,1,서브웨이,2019-01-22 04:34:49.693294,2019-01-22 04:34:49.693294
201,동탄중앙딜리버리,경기도,화성시,동탄대로시범길 148-58,031-374-3745,,1,서브웨이,2019-01-22 04:34:50.067753,2019-01-22 04:34:50.067753
202,안산중앙딜리버리,경기도,안산시,단원구 예술대학로 17,031-414-4210,,1,서브웨이,2019-01-22 04:34:50.152622,2019-01-22 04:34:50.152622
203,산본로데오딜리버리,경기도,군포시,광정로 60,031-391-0776,,1,서브웨이,2019-01-22 04:34:50.218018,2019-01-22 04:34:50.218018
204,안성중앙딜리버리,경기도,안성시,중앙로 401,031-675-2716,,1,서브웨이,2019-01-22 04:34:50.310533,2019-01-22 04:34:50.310533
205,안산한대역딜리버리,경기도,안산시,상록구 광덕1로 385,031-418-1900,,1,서브웨이,2019-01-22 04:34:50.388601,2019-01-22 04:34:50.388601
206,안양1번가딜리버리,경기도,안양시,만안구 만안로223번길 7,031-464-5210,,1,서브웨이,2019-01-22 04:34:50.464185,2019-01-22 04:34:50.464185
207,동탄하이페리온딜리버리,경기도,화성시,동탄반석로 156 동탄하이페리온,031-8003-8878,,1,서브웨이,2019-01-22 04:34:50.527598,2019-01-22 04:34:50.527598
208,평택소사벌딜리버리,경기도,평택시,평남로 941,031-651-2122,,1,서브웨이,2019-01-22 04:34:50.585044,2019-01-22 04:34:50.585044
209,안산고잔딜리버리,경기도,안산시,단원구 광덕대로 151,031-414-4200 ,,1,서브웨이,2019-01-22 04:34:50.663815,2019-01-22 04:34:50.663815
210,동탄나루딜리버리,경기도,화성시,동탄솔빛로 48,031-8003-1138 ,,1,서브웨이,2019-01-22 04:34:50.738268,2019-01-22 04:34:50.738268
211,수원성균관대딜리버리,경기도,수원시,장안구 서부로 2066 성균관대학교 학생회관 2층,031-290-5448,,1,서브웨이,2019-01-22 04:34:51.112917,2019-01-22 04:34:51.112917
212,수원인계딜리버리,경기도,수원시,팔달구 권광로 204,031-267-0533,,1,서브웨이,2019-01-22 04:34:51.189353,2019-01-22 04:34:51.189353
213,용인수지딜리버리,경기도,용인시,수지구 수지로296번길 47 수석빌딩,031-898-0831,,1,서브웨이,2019-01-22 04:34:51.269916,2019-01-22 04:34:51.269916
214,분당오리역딜리버리,경기도,성남시,분당구 성남대로 43번길 10,031-711-5352,,1,서브웨이,2019-01-22 04:34:51.335110,2019-01-22 04:34:51.335110
215,안양범계딜리버리,경기도,안양시,동안구 시민대로 167 안양벤처텔,031-440-8490,,1,서브웨이,2019-01-22 04:34:51.432197,2019-01-22 04:34:51.432197
216,안양평촌학원가딜리버리,경기도,안양시,동안구 평촌대로 119 원평비젼프라자,031-385-5027,,1,서브웨이,2019-01-22 04:34:51.497970,2019-01-22 04:34:51.497970
217,분당야탑딜리버리,경기도,성남시,분당구 성남대로916번길 20 노블리치1오피스텔,070-8800-8076,,1,서브웨이,2019-01-22 04:34:51.563302,2019-01-22 04:34:51.563302
218,분당정자딜리버리,경기도,성남시,분당구 성남대로 331번길 13,070-8882-8212,,1,서브웨이,2019-01-22 04:34:51.638710,2019-01-22 04:34:51.638710
219,분당미금역딜리버리,경기도,성남시,분당구 돌마로 52,031-717-5695,,1,서브웨이,2019-01-22 04:34:51.727088,2019-01-22 04:34:51.727088
220,수원망포역딜리버리,경기도,수원시,영통구 영통로 195 골든스퀘어,031-205-5508,,1,서브웨이,2019-01-22 04:34:51.808775,2019-01-22 04:34:51.808775
221,판교테크노밸리딜리버리,경기도,성남시,분당구 대왕판교로 670,031-739-8300,,1,서브웨이,2019-01-22 04:34:52.130132,2019-01-22 04:34:52.130132
222,분당서현딜리버리,경기도,성남시,분당구 서현로 184 엘지분당에클라트,031-709-2220,,1,서브웨이,2019-01-22 04:34:52.223279,2019-01-22 04:34:52.223279
223,수원아주대딜리버리,경기도,수원시,영통구 아주로 24,031-217-1223,,1,서브웨이,2019-01-22 04:34:52.297771,2019-01-22 04:34:52.297771
224,안양롯데딜리버리,경기도,안양시,만안구 만안로 232 롯데백화점안양점 7F,031-463-1765,,1,서브웨이,2019-01-22 04:34:52.382230,2019-01-22 04:34:52.382230
225,강남구청역딜리버리,서울특별시,강남구,선릉로 653,02-545-0806,,1,서브웨이,2019-01-22 04:34:52.469919,2019-01-22 04:34:52.469919
226,신논현24시간,서울특별시,서초구,강남대로 499 딜리버리,02-544-1014,,1,서브웨이,2019-01-22 04:34:52.531600,2019-01-22 04:34:52.531600
227,압구정역딜리버리,서울특별시,강남구,압구정로 28길 13,02-548-1014,,1,서브웨이,2019-01-22 04:34:52.601543,2019-01-22 04:34:52.601543
228,서초법원딜리버리,서울특별시,서초구,법원로1길 1,02-595-1718,,1,서브웨이,2019-01-22 04:34:52.665979,2019-01-22 04:34:52.665979
229,선릉딜리버리,서울특별시,강남구,테헤란로 337,02-557-5004,,1,서브웨이,2019-01-22 04:34:52.732463,2019-01-22 04:34:52.732463
230,가산디지털단지딜리버리,서울특별시,금천구,가산디지털1로 165 가산비지니스센터 102호,021-544-1852 ,,1,서브웨이,2019-01-22 04:34:52.802279,2019-01-22 04:34:52.802279
231,언주역딜리버리,서울특별시,강남구,봉은사로 206 대명빌딩,02-557-8805,,1,서브웨이,2019-01-22 04:34:53.169354,2019-01-22 04:34:53.169354
232,여의도KBS 본관딜리버리,서울특별시,영등포구,국회대로62길 25 교육시설재난공제회관,02-782-1518,,1,서브웨이,2019-01-22 04:34:53.237585,2019-01-22 04:34:53.237585
233,독산딜리버리,서울특별시,금천구,시흥대로 399 1층 112호,02-803-2346,,1,서브웨이,2019-01-22 04:34:53.312992,2019-01-22 04:34:53.312992
234,발산역딜리버리,서울특별시,강서구,마곡중앙6로 93,02-3663-6837,,1,서브웨이,2019-01-22 04:34:53.383934,2019-01-22 04:34:53.383934
235,문정역딜리버리,서울특별시,송파구,법원로 114 현대엠스테이트 C동 119호,02-3012-1259,,1,서브웨이,2019-01-22 04:34:53.464829,2019-01-22 04:34:53.464829
236,문래딜리버리,서울특별시,영등포구,선유로 70,02-2637-3002,,1,서브웨이,2019-01-22 04:34:53.596031,2019-01-22 04:34:53.596031
237,삼성딜리버리,서울특별시,강남구,삼성로 520,02-2051-2008,,1,서브웨이,2019-01-22 04:34:53.680634,2019-01-22 04:34:53.680634
238,노량진24시간,서울특별시,동작구,노량진로 166 딜리버리,02-812-1014,,1,서브웨이,2019-01-22 04:34:53.741615,2019-01-22 04:34:53.741615
239,여의도국회의사당딜리버리,서울특별시,영등포구,국회대로 70길 19,02-761-1003,,1,서브웨이,2019-01-22 04:34:53.806574,2019-01-22 04:34:53.806574
240,역삼딜리버리,서울특별시,강남구,테헤란로 25길 20,02-501-1554,,1,서브웨이,2019-01-22 04:34:53.915739,2019-01-22 04:34:53.915739
241,강동성심병원딜리버리,서울특별시,강동구,성안로 147,02-476-1131,,1,서브웨이,2019-01-22 04:34:54.959798,2019-01-22 04:34:54.959798
242,천호딜리버리,서울특별시,강동구,올림픽로 664,02-485-1077,,1,서브웨이,2019-01-22 04:34:55.022784,2019-01-22 04:34:55.022784
243,양천구청딜리버리,서울특별시,양천구,목동서로 349 센트럴프라자,02-2652-2521,,1,서브웨이,2019-01-22 04:34:55.095863,2019-01-22 04:34:55.095863
244,강남우성딜리버리,서울특별시,강남구,강남대로66길 6,02-553-5232,,1,서브웨이,2019-01-22 04:34:55.155059,2019-01-22 04:34:55.155059
245,논현역24시간,서울특별시,서초구,강남대로 535 프린스빌딩 딜리버리,02-512-1014,,1,서브웨이,2019-01-22 04:34:55.230451,2019-01-22 04:34:55.230451
246,영등포딜리버리,서울특별시,영등포구,영중로 25,02-2635-5255,,1,서브웨이,2019-01-22 04:34:55.286387,2019-01-22 04:34:55.286387
247,잠실새내역딜리버리,서울특별시,송파구,올림픽로 130,02-425-5582,,1,서브웨이,2019-01-22 04:34:55.368474,2019-01-22 04:34:55.368474
248,보라매딜리버리,서울특별시,동작구,보라매로3길 29 해태보라매타워,02-832-2522,,1,서브웨이,2019-01-22 04:34:55.438572,2019-01-22 04:34:55.438572
249,문정법조딜리버리,서울특별시,송파구,충민로 5 송파한화오벨리스크,02-403-7344,,1,서브웨이,2019-01-22 04:34:55.493789,2019-01-22 04:34:55.493789
250,신림역딜리버리,서울특별시,관악구,신림로 344 SK허브그린,02-888-4455,,1,서브웨이,2019-01-22 04:34:55.559131,2019-01-22 04:34:55.559131
251,오목교딜리버리,서울특별시,양천구,오목로 315,02-2644-5368,,1,서브웨이,2019-01-22 04:34:55.932863,2019-01-22 04:34:55.932863
252,목동역딜리버리,서울특별시,양천구,오목로 238 론드사옥,02-2603-5368,,1,서브웨이,2019-01-22 04:34:56.068485,2019-01-22 04:34:56.068485
253,양재딜리버리,서울특별시,강남구,남부순환로 2611,02 5710282,,1,서브웨이,2019-01-22 04:34:56.135601,2019-01-22 04:34:56.135601
254,교대딜리버리,서울특별시,서초구,서초중앙로22길 47 문화빌딩,02-581-0696,,1,서브웨이,2019-01-22 04:34:56.184815,2019-01-22 04:34:56.184815
255,신사딜리버리,서울특별시,강남구,도산대로 124 대영빌딩,02-546-2007,,1,서브웨이,2019-01-22 04:34:56.255497,2019-01-22 04:34:56.255497
256,대청딜리버리,서울특별시,강남구,일원로3길 4,02-459-7975,,1,서브웨이,2019-01-22 04:34:56.319376,2019-01-22 04:34:56.319376
257,숭실대딜리버리,서울특별시,동작구,사당로 12-1,02-812-3552,,1,서브웨이,2019-01-22 04:34:56.385071,2019-01-22 04:34:56.385071
258,화곡역딜리버리,서울특별시,강서구,강서로 159-1,02-260-3535,,1,서브웨이,2019-01-22 04:34:56.439118,2019-01-22 04:34:56.439118
259,방배역딜리버리,서울특별시,서초구,방배로 83 삼중빌딩,02-896-6000,,1,서브웨이,2019-01-22 04:34:56.507298,2019-01-22 04:34:56.507298
260,중앙대딜리버리,서울특별시,동작구,흑석로 79,02-815-6429,,1,서브웨이,2019-01-22 04:34:56.594878,2019-01-22 04:34:56.594878
261,서울대딜리버리,서울특별시,관악구,봉천동 855-11,02-887-6887,,1,서브웨이,2019-01-22 04:34:57.049960,2019-01-22 04:34:57.049960
262,대치딜리버리,서울특별시,강남구,삼성로61길 22,02-539-2226,,1,서브웨이,2019-01-22 04:34:57.128916,2019-01-22 04:34:57.128916
263,구로디지털딜리버리,서울특별시,구로구,디지털로34길 55 코오롱싸이언스밸리 2차 109호,02-850-2508,,1,서브웨이,2019-01-22 04:34:57.186667,2019-01-22 04:34:57.186667
264,강남역딜리버리,서울특별시,강남구,강남대로96길 12,02-557-4727,,1,서브웨이,2019-01-22 04:34:57.234197,2019-01-22 04:34:57.234197
265,대치도곡딜리버리,서울특별시,강남구,삼성로 151 선경아파트5동 5,02-567-0034,,1,서브웨이,2019-01-22 04:34:57.297024,2019-01-22 04:34:57.297024
266,구산역딜리버리,서울특별시,은평구,서오릉로 150,02-355-4650,,1,서브웨이,2019-01-22 04:34:57.347186,2019-01-22 04:34:57.347186
267,동대문역사문화공원역딜리버리,서울특별시,중구,"장충단로 227-2,1~2F",02-2269-2100,,1,서브웨이,2019-01-22 04:34:57.400339,2019-01-22 04:34:57.400339
268,국민대학교딜리버리,서울특별시,성북구,정릉로 77,02-910-6895,,1,서브웨이,2019-01-22 04:34:57.481213,2019-01-22 04:34:57.481213
269,명동성당딜리버리,서울특별시,중구,명동길 74 1898 명동성당 B118호,02-318-6202,,1,서브웨이,2019-01-22 04:34:57.546693,2019-01-22 04:34:57.546693
270,건대입구딜리버리,서울특별시,광진구,아차산로 241 연한빌딩 102호,02-499-9292,,1,서브웨이,2019-01-22 04:34:57.619031,2019-01-22 04:34:57.619031
271,동묘앞역딜리버리,서울특별시,종로구,종로 347,02-743-1350,,1,서브웨이,2019-01-22 04:34:57.934887,2019-01-22 04:34:57.934887
272,성수역딜리버리,서울특별시,성동구,아차산로 113,02-497-2800,,1,서브웨이,2019-01-22 04:34:57.985722,2019-01-22 04:34:57.985722
273,상왕십리딜리버리,서울특별시,성동구,왕십리로 410 센트라스,02-2296-9898,,1,서브웨이,2019-01-22 04:34:58.093847,2019-01-22 04:34:58.093847
274,서울숲딜리버리,서울특별시,성동구,왕십리로 108-1,02-499-2900,,1,서브웨이,2019-01-22 04:34:58.208495,2019-01-22 04:34:58.208495
275,아차산역딜리버리,서울특별시,광진구,천호대로 666,02-455-5440,,1,서브웨이,2019-01-22 04:34:58.273442,2019-01-22 04:34:58.273442
276,서울로7017딜리버리,서울특별시,중구중림로,40,02-363-2929 ,,1,서브웨이,2019-01-22 04:34:58.336880,2019-01-22 04:34:58.336880
277,용산아이파크몰딜리버리,서울특별시,용산구,한강대로23길 55 아이파크몰 서관 4층,02-2012-0406,,1,서브웨이,2019-01-22 04:34:58.411864,2019-01-22 04:34:58.411864
278,미아역딜리버리,서울특별시,강북구,도봉로 209,02-946-1596,,1,서브웨이,2019-01-22 04:34:58.471743,2019-01-22 04:34:58.471743
279,용산전자랜드딜리버리,서울특별시,용산구,청파로 74 전자랜드 본관 A동 104호,02-706-6227,,1,서브웨이,2019-01-22 04:34:58.530652,2019-01-22 04:34:58.530652
280,응암딜리버리,서울특별시,은평구,은평로 108 101호,02-357-1479,,1,서브웨이,2019-01-22 04:34:58.618238,2019-01-22 04:34:58.618238
281,강변역딜리버리,서울특별시,광진구,강변역로4길 10,02-446-0423,,1,서브웨이,2019-01-22 04:34:58.917548,2019-01-22 04:34:58.917548
282,광운대역딜리버리,서울특별시,노원구,광운로 57,02-942-7779,,1,서브웨이,2019-01-22 04:34:58.977576,2019-01-22 04:34:58.977576
283,구의딜리버리,서울특별시,광진구,자양로 113 구의 현대 하이엘 103-4호,02-446-6444,,1,서브웨이,2019-01-22 04:34:59.034772,2019-01-22 04:34:59.034772
284,마포구청딜리버리,서울특별시,마포구,월드컵로 34길 7,02-307-6196,,1,서브웨이,2019-01-22 04:34:59.090476,2019-01-22 04:34:59.090476
285,신당역딜리버리,서울특별시,중구,퇴계로 388,02-2231-7088,,1,서브웨이,2019-01-22 04:34:59.161601,2019-01-22 04:34:59.161601
286,수유역딜리버리,서울특별시,강북구,오패산로 417, 029981641,,1,서브웨이,2019-01-22 04:34:59.234186,2019-01-22 04:34:59.234186
287,창동역딜리버리,서울특별시,도봉구,마들로11길 61,02-903-6363,,1,서브웨이,2019-01-22 04:34:59.302010,2019-01-22 04:34:59.302010
288,뚝섬유원지역딜리버리,서울특별시,광진구,"뚝섬로34길 67 광진트라팰리스 101호, 102호",02-467-4556,,1,서브웨이,2019-01-22 04:34:59.358242,2019-01-22 04:34:59.358242
289,길음뉴타운딜리버리,서울특별시,성북구,길음로 7길 6,02-918-7432,,1,서브웨이,2019-01-22 04:34:59.428409,2019-01-22 04:34:59.428409
290,건대로데오딜리버리,서울특별시,광진구,동일로20길 106,02-461-7900,,1,서브웨이,2019-01-22 04:34:59.481147,2019-01-22 04:34:59.481147
291,공덕역롯데캐슬딜리버리,서울특별시,마포구,마포대로 109 롯데캐슬프레지던트,02-713-7775,,1,서브웨이,2019-01-22 04:34:59.784946,2019-01-22 04:34:59.784946
292,망우딜리버리,서울특별시,중랑구,용마산로115길 127 한일써너스빌리젠시1단지,02-432-9888,,1,서브웨이,2019-01-22 04:34:59.844784,2019-01-22 04:34:59.844784
293,홍대아트딜리버리,서울특별시,마포구,와우산로 117 102호,02-336-0522,,1,서브웨이,2019-01-22 04:34:59.929865,2019-01-22 04:34:59.929865
294,성균관대딜리버리,서울특별시,종로구,성균관로 41,02-3673-0100,,1,서브웨이,2019-01-22 04:34:59.993541,2019-01-22 04:34:59.993541
295,중랑역딜리버리,서울특별시,중랑구,망우로 203,02-437-7300,,1,서브웨이,2019-01-22 04:35:00.068933,2019-01-22 04:35:00.068933
296,한남딜리버리,서울특별시,용산구,대사관로 63,02-790-2286,,1,서브웨이,2019-01-22 04:35:00.134647,2019-01-22 04:35:00.134647
297,상수역딜리버리,서울특별시,마포구,와우산로 44 1층,02-323-6934,,1,서브웨이,2019-01-22 04:35:00.202538,2019-01-22 04:35:00.202538
298,을지로3가딜리버리,서울특별시,중구,을지로 103-1,02-2275-9890,,1,서브웨이,2019-01-22 04:35:00.285357,2019-01-22 04:35:00.285357
299,회현딜리버리,서울특별시,중구,소공로 35 남산롯데캐슬아이리스,02-3789-6467,,1,서브웨이,2019-01-22 04:35:00.368438,2019-01-22 04:35:00.368438
300,연신내딜리버리,서울특별시,은평구,연서로 215-1,02-352-1500,,1,서브웨이,2019-01-22 04:35:00.449225,2019-01-22 04:35:00.449225
301,홍제역딜리버리,서울특별시,서대문구,통일로 418,02-736-6535,,1,서브웨이,2019-01-22 04:35:02.635759,2019-01-22 04:35:02.635759
302,미아사거리역딜리버리,서울특별시,강북구,도봉로 41-1,02-988-1641,,1,서브웨이,2019-01-22 04:35:02.750001,2019-01-22 04:35:02.750001
303,용산아스테리움딜리버리,서울특별시,용산구,한강대로30길 25 아스테리움 용산,02-795-2223,,1,서브웨이,2019-01-22 04:35:02.848248,2019-01-22 04:35:02.848248
304,신촌로데오딜리버리,서울특별시,서대문구,연세로 23,02-322-9431,,1,서브웨이,2019-01-22 04:35:02.917367,2019-01-22 04:35:02.917367
305,순화동라마다딜리버리,서울특별시,중구,칠패로 27 순화동 the# 주상복합,02-776-4518,,1,서브웨이,2019-01-22 04:35:03.000667,2019-01-22 04:35:03.000667
306,을지로입구딜리버리,서울특별시,중구,남대문로 112,02-730-8777,,1,서브웨이,2019-01-22 04:35:03.071509,2019-01-22 04:35:03.071509
307,가재울딜리버리,서울특별시,서대문구,북가좌동 수색로 100,02-303-1133,,1,서브웨이,2019-01-22 04:35:03.164277,2019-01-22 04:35:03.164277
308,종로5가딜리버리,서울특별시,종로구,종로 213-1,02-766-7537,,1,서브웨이,2019-01-22 04:35:03.233491,2019-01-22 04:35:03.233491
309,성신여대딜리버리,서울특별시,성북구,보문로 34길 78,02-923-4010,,1,서브웨이,2019-01-22 04:35:03.300803,2019-01-22 04:35:03.300803
310,합정역메세나폴리스딜리버리,서울특별시,마포구,양화로 45 메세나폴리스,02-384-9890,,1,서브웨이,2019-01-22 04:35:03.368077,2019-01-22 04:35:03.368077
311,한성대딜리버리,서울특별시,성북구,동소문로 10,02-744-4949,,1,서브웨이,2019-01-22 04:35:04.251154,2019-01-22 04:35:04.251154
312,노원딜리버리,서울특별시,노원구,노해로 502,02-936-0501,,1,서브웨이,2019-01-22 04:35:04.335439,2019-01-22 04:35:04.335439
313,광화문딜리버리,서울특별시,종로구,새문안로 3길 19,02-723-7222,,1,서브웨이,2019-01-22 04:35:04.388638,2019-01-22 04:35:04.388638
314,아현역딜리버리,서울특별시,서대문구,신촌로 279-1,02-6401-1004,,1,서브웨이,2019-01-22 04:35:04.458402,2019-01-22 04:35:04.458402
315,이대딜리버리,서울특별시,서대문구,이화여대7길 30,02-364-8870,,1,서브웨이,2019-01-22 04:35:04.514917,2019-01-22 04:35:04.514917
316,대학로딜리버리,서울특별시,종로구,동숭길 101 현대엘리베이터,02-764-5656,,1,서브웨이,2019-01-22 04:35:04.568831,2019-01-22 04:35:04.568831
317,경복궁딜리버리,서울특별시,종로구,사직로 115,02-725-5926,,1,서브웨이,2019-01-22 04:35:04.618609,2019-01-22 04:35:04.618609
318,연희딜리버리,서울특별시,서대문구,연희로 93 연희오피스텔,02-333-0388,,1,서브웨이,2019-01-22 04:35:04.685973,2019-01-22 04:35:04.685973
319,남영역딜리버리,서울특별시,용산구,한강대로 271,02-706-5007,,1,서브웨이,2019-01-22 04:35:04.735266,2019-01-22 04:35:04.735266
320,구파발역딜리버리,서울특별시,은평구,진관2로 29-21 드림스퀘어,02-315-7316,,1,서브웨이,2019-01-22 04:35:04.822103,2019-01-22 04:35:04.822103
321,상암딜리버리,서울특별시,마포구,월드컵북로 361 DMC 이안상암2단지,02-533-9464,,1,서브웨이,2019-01-22 04:35:05.182882,2019-01-22 04:35:05.182882
322,경희대딜리버리,서울특별시,동대문구,경희대로4길 6,02-957-1589,,1,서브웨이,2019-01-22 04:35:05.275219,2019-01-22 04:35:05.275219
323,공릉딜리버리,서울특별시,노원구,공릉로 207,02-977-0045,,1,서브웨이,2019-01-22 04:35:05.444081,2019-01-22 04:35:05.444081
324,연세대딜리버리,서울특별시,서대문구,연세로 50-1 연세공학원,02-312-8725,,1,서브웨이,2019-01-22 04:35:05.507167,2019-01-22 04:35:05.507167
325,종로삼일대로딜리버리,서울특별시,종로구,삼일대로 391,02-737-0501,,1,서브웨이,2019-01-22 04:35:05.566924,2019-01-22 04:35:05.566924
326,충정로딜리버리,서울특별시,서대문구,충정로 23 풍산빌딩 지하 2층,02-393-8609,,1,서브웨이,2019-01-22 04:35:05.614420,2019-01-22 04:35:05.614420
327,세종대딜리버리,서울특별시,광진구,광나루로 390,02-465-3285,,1,서브웨이,2019-01-22 04:35:05.669613,2019-01-22 04:35:05.669613
328,망원역딜리버리,서울특별시,마포구,월드컵로 87 마포로얄프라자,02-338-9933,,1,서브웨이,2019-01-22 04:35:05.732620,2019-01-22 04:35:05.732620
329,시청딜리버리,서울특별시,중구,세종대로 68 천일빌딩,02-777-9200,,1,서브웨이,2019-01-22 04:35:05.781589,2019-01-22 04:35:05.781589
330,상봉역딜리버리,서울특별시,중랑구,망우로 312,02-432-4375,,1,서브웨이,2019-01-22 04:35:05.842295,2019-01-22 04:35:05.842295
331,안국딜리버리,서울특별시,종로구,우정국로 69 동일빌딩,02-735-9000,,1,서브웨이,2019-01-22 04:35:06.190182,2019-01-22 04:35:06.190182
332,충무로역딜리버리,서울특별시,중구,퇴계로 204,02-2272-9977,,1,서브웨이,2019-01-22 04:35:06.275966,2019-01-22 04:35:06.275966
333,서울역동자딜리버리,서울특별시,용산구,후암로 107 게이트웨이타워,02-777-8552,,1,서브웨이,2019-01-22 04:35:06.333871,2019-01-22 04:35:06.333871
334,서강대딜리버리,서울특별시,마포구,백범로 11,02-713-2055,,1,서브웨이,2019-01-22 04:35:06.405947,2019-01-22 04:35:06.405947
335,고려대딜리버리,서울특별시,성북구,안암동 5가 인촌로 88,02-922-8413,,1,서브웨이,2019-01-22 04:35:06.520737,2019-01-22 04:35:06.520737
336,마포딜리버리,서울특별시,마포구,마포대로 53 마포트라팰리스,02-715-0080,,1,서브웨이,2019-01-22 04:35:06.586657,2019-01-22 04:35:06.586657
337,숙명여대딜리버리,서울특별시,용산구,청파로47길 42,02-702-2454,,1,서브웨이,2019-01-22 04:35:06.644233,2019-01-22 04:35:06.644233
338,신촌딜리버리,서울특별시,서대문구,신촌로 121 아남오피스텔,02-3147-1248,,1,서브웨이,2019-01-22 04:35:06.699954,2019-01-22 04:35:06.699954
339,외대딜리버리,서울특별시,동대문구,휘경로 14,070-4137-7702,,1,서브웨이,2019-01-22 04:35:06.769563,2019-01-22 04:35:06.769563
340,홍대딜리버리,서울특별시,마포구,홍익로 10,02-324-6688,,1,서브웨이,2019-01-22 04:35:06.836440,2019-01-22 04:35:06.836440
341,이천롯데마트점,경기도,이천시,구만리로 191,031-638-6600,,2,맘스터치,2019-01-22 04:35:07.213716,2019-01-22 04:35:07.213716
342,대구동서변점,대구광역시,북구,"호국로43길 8-18(서변동), 1층",053-281-1001,,2,맘스터치,2019-01-22 04:35:07.317460,2019-01-22 04:35:07.317460
343,경북성주점,경상북도,성주군,성주읍 성주로 3216-1,054-933-8827,,2,맘스터치,2019-01-22 04:35:07.445936,2019-01-22 04:35:07.445936
344,울산진장CGV점,제주특별자치시,북구,진장유통로 51-10,052-980-1010,,2,맘스터치,2019-01-22 04:35:07.559749,2019-01-22 04:35:07.559749
345,울산복산점,제주특별자치시,중구,복산동 화합로 479,052-285-2020,,2,맘스터치,2019-01-22 04:35:07.616807,2019-01-22 04:35:07.616807
346,전북순창점,전라북도,순창군,순창읍 장류로 362,063-653-6787,,2,맘스터치,2019-01-22 04:35:07.680411,2019-01-22 04:35:07.680411
347,일산마두역점,경기도,고양시,"일산동구 강석로 123,A동 140호",031-901-3212,,2,맘스터치,2019-01-22 04:35:07.732451,2019-01-22 04:35:07.732451
348,안산홈플러스점,경기도,안산시,"상록구 충장로 432,1층",031-484-8282,,2,맘스터치,2019-01-22 04:35:07.787960,2019-01-22 04:35:07.787960
349,부산남구청점,부산광역시,남구,"못골로 40,2층",051-637-1010,,2,맘스터치,2019-01-22 04:35:07.845742,2019-01-22 04:35:07.845742
350,한티역점,제주특별자치시,"11-2,",1층,02-6235-4868,,2,맘스터치,2019-01-22 04:35:07.902159,2019-01-22 04:35:07.902159
351,부천옥길점,경기도,부천시,"범안로219번길 19 ,1층",032-344-6257,,2,맘스터치,2019-01-22 04:35:08.168441,2019-01-22 04:35:08.168441
352,남양주다산진건점,경기도,남양주시,"다산순환로 424,2층",031-555-2299,,2,맘스터치,2019-01-22 04:35:08.228664,2019-01-22 04:35:08.228664
353,천안역점,충청남도,천안시,"동남구 대흥로 227, 1층",041-566-9289,,2,맘스터치,2019-01-22 04:35:08.283302,2019-01-22 04:35:08.283302
354,대치동학원가점,서울특별시,강남구,"삼성로229,1층",02-3437-8383,,2,맘스터치,2019-01-22 04:35:08.350189,2019-01-22 04:35:08.350189
355,제주성산점,제주특별자치시,서귀포시,성산읍 일주동로 4234,064-782-9995,,2,맘스터치,2019-01-22 04:35:08.402221,2019-01-22 04:35:08.402221
356,대전카이스트점,대전광역시,유성구,어은로42번길 5 1층,070-4233-1112,,2,맘스터치,2019-01-22 04:35:08.472055,2019-01-22 04:35:08.472055
357,경주용황점,경상북도,경주시,용황구획4길 41,054-744-3399,,2,맘스터치,2019-01-22 04:35:08.609589,2019-01-22 04:35:08.609589
358,구산역점,서울특별시,은평구,연서로 128(역촌동),02-385-1977,,2,맘스터치,2019-01-22 04:35:08.710383,2019-01-22 04:35:08.710383
359,구로디지털단지역점,서울특별시,구로구,"시흥대로 577(구로동), 1층",02-853-8864,,2,맘스터치,2019-01-22 04:35:08.763984,2019-01-22 04:35:08.763984
360,남양주금곡점,경기도,남양주시,경춘로 996,031-593-9998,,2,맘스터치,2019-01-22 04:35:08.819277,2019-01-22 04:35:08.819277
361,전주만성지구점,전라북도,전주시,덕진구 만성중앙로 56(만성동),063-211-8866,,2,맘스터치,2019-01-22 04:35:09.323038,2019-01-22 04:35:09.323038
362,경북예천점,경상북도,예천군,예천읍 중앙로 78,054-654-0001,,2,맘스터치,2019-01-22 04:35:09.403170,2019-01-22 04:35:09.403170
363,개봉역점,서울특별시,구로구,"남부순환로97길 3(개봉동), 2층",02-2060-9370,,2,맘스터치,2019-01-22 04:35:09.486870,2019-01-22 04:35:09.486870
364,충북단양점,충청북도,단양군,"단양읍 삼봉로 293-1, 2층",043-421-0915,,2,맘스터치,2019-01-22 04:35:09.561594,2019-01-22 04:35:09.561594
365,경남고성점,경상남도,고성군,"고성읍 송학로 149번길 2,1층",055-674-5829,,2,맘스터치,2019-01-22 04:35:09.625825,2019-01-22 04:35:09.625825
366,경산중산점,경상북도,경산시,"펜타힐즈2로 37(중산동), 1층",053-815-8700,,2,맘스터치,2019-01-22 04:35:09.659558,2019-01-22 04:35:09.659558
367,영등포역점,서울특별시,영등포구,"영중로 16-1, 1,2층",02-2679-9786,,2,맘스터치,2019-01-22 04:35:09.689676,2019-01-22 04:35:09.689676
368,화곡역점,서울특별시,강서구,"화곡로 145(화곡동), 1층",02-2606-9096,,2,맘스터치,2019-01-22 04:35:09.818616,2019-01-22 04:35:09.818616
369,구로신도림점,서울특별시,구로구,"경인로59길 8(신도림동), 태영프라자 207호, 2층",02-2068-8563,,2,맘스터치,2019-01-22 04:35:09.886474,2019-01-22 04:35:09.886474
370,하동진교점,경상남도,하동군,"진교면 진교시장길 17-15,1층",055-882-0809,,2,맘스터치,2019-01-22 04:35:09.985636,2019-01-22 04:35:09.985636
371,부산센텀점,부산광역시,해운대구,"센텀중앙로 90,1층",051-783-8259,,2,맘스터치,2019-01-22 04:35:10.261075,2019-01-22 04:35:10.261075
372,경북도청점,경상북도,예천군,호명면 새움2로 18,054-655-0092,,2,맘스터치,2019-01-22 04:35:10.324895,2019-01-22 04:35:10.324895
373,의정부금오지구점,경기도,의정부시,청사로47번길 18(금오동),031-851-8510,,2,맘스터치,2019-01-22 04:35:10.384487,2019-01-22 04:35:10.384487
374,일산가좌점,경기도,고양시,"일산서구 가좌3로 25,1층",031-922-2252,,2,맘스터치,2019-01-22 04:35:10.495813,2019-01-22 04:35:10.495813
375,경남사천점,경상남도,사천시,"사천읍 평화1길 15,1층",055-852-2266,,2,맘스터치,2019-01-22 04:35:10.618371,2019-01-22 04:35:10.618371
376,안양석수점,경기도,안양시,만안구 충훈로 83,031-471-6070,,2,맘스터치,2019-01-22 04:35:10.991171,2019-01-22 04:35:10.991171
377,대전대점,대전광역시,동구,"대학로 62-29,2층",042-273-3000,,2,맘스터치,2019-01-22 04:35:11.055512,2019-01-22 04:35:11.055512
378,다대낫개역점,부산광역시,사하구,다대로 429번길 15,051-262-9003,,2,맘스터치,2019-01-22 04:35:11.127126,2019-01-22 04:35:11.127126
379,중화역점,서울특별시,중랑구,동일로 812(중화동),02-433-3309,,2,맘스터치,2019-01-22 04:35:11.362099,2019-01-22 04:35:11.362099
380,강동강일점,서울특별시,강동구,아리수로93길 27 강일타워,02-429-8854,,2,맘스터치,2019-01-22 04:35:11.414004,2019-01-22 04:35:11.414004
381,서울시청점,서울특별시,중구,"무교로12(무교동21-3),2층",02-3789-8503,,2,맘스터치,2019-01-22 04:35:11.718192,2019-01-22 04:35:11.718192
382,수원곡반점,경기도,수원시,"권선구 곡선로 48(곡반정동), 1층",031-222-3474,,2,맘스터치,2019-01-22 04:35:11.806659,2019-01-22 04:35:11.806659
383,동두천지행점,경기도,동두천시,중앙로 134-26(지행동),031-862-9995,,2,맘스터치,2019-01-22 04:35:12.047892,2019-01-22 04:35:12.047892
384,미사역점,경기도,하남시,미사강변중앙로 204번길 45 1층,031-794-6969,,2,맘스터치,2019-01-22 04:35:12.152609,2019-01-22 04:35:12.152609
385,오산수청점,경기도,오산시,"내삼미로 93(수청동), 백현프라자 1층",031-376-9292,,2,맘스터치,2019-01-22 04:35:12.227545,2019-01-22 04:35:12.227545
386,인천하늘도시점,인천광역시,중구,"하늘별빛로65번길 11(중산동), 1층",032-751-9669,,2,맘스터치,2019-01-22 04:35:12.332928,2019-01-22 04:35:12.332928
387,구리한대병원점,경기도,구리시,"경춘로 168,1층",031-555-0802,,2,맘스터치,2019-01-22 04:35:12.423059,2019-01-22 04:35:12.423059
388,해군교육사령부점(기초군사학교),경상남도,창원시,"진해구 진희로 111 1층 ( 경화동, 복지관)",055-544-1004,,2,맘스터치,2019-01-22 04:35:12.485210,2019-01-22 04:35:12.485210
389,부산동래메가점,부산광역시,동래구,"명륜로 129번길 2, 2층",051-553-5000,,2,맘스터치,2019-01-22 04:35:12.547615,2019-01-22 04:35:12.547615
390,충북광혜원점,충청북도,진천군,"광혜원면 중리1길 5,1층",043-536-0880,,2,맘스터치,2019-01-22 04:35:12.602410,2019-01-22 04:35:12.602410
391,양산에덴밸리점,경상남도,양산시,"원동면 어실로 1206,2층",055-379-8054,,2,맘스터치,2019-01-22 04:35:12.908710,2019-01-22 04:35:12.908710
392,세종대평점,세종특별자치시,시청대로,"20,1층",044-866-9289,,2,맘스터치,2019-01-22 04:35:12.989138,2019-01-22 04:35:12.989138
393,양주옥정중앙점,경기도,양주시,"옥정로 196,1층",031-862-7750,,2,맘스터치,2019-01-22 04:35:13.057218,2019-01-22 04:35:13.057218
394,위례중앙점,서울특별시,송파구,위례광장로 270,02-400-5833,,2,맘스터치,2019-01-22 04:35:13.153862,2019-01-22 04:35:13.153862
395,경북영덕점,경상북도,영덕군,"영덕읍 덕곡길 106-1,1층",054-732-1003,,2,맘스터치,2019-01-22 04:35:13.242168,2019-01-22 04:35:13.242168
396,대전대흥동점,대전광역시,중구,"선화서로 7,1층",042-242-5214,,2,맘스터치,2019-01-22 04:35:13.318686,2019-01-22 04:35:13.318686
397,광주양산점,광주광역시,북구,"양산택지로 57,1층",062-572-9231,,2,맘스터치,2019-01-22 04:35:13.385507,2019-01-22 04:35:13.385507
398,포항우현점,경상북도,포항시,북구 우창동로 41(우현동),054-254-7004,,2,맘스터치,2019-01-22 04:35:13.467014,2019-01-22 04:35:13.467014
399,용인둔전점,경기도,용인시,"처인구 포곡읍 포곡로 99,1층",031-333-9991,,2,맘스터치,2019-01-22 04:35:13.532696,2019-01-22 04:35:13.532696
400,전주안골점,전라북도,전주시,"덕진구 안덕원로 246(인후동1가), 1층",063-242-1115,,2,맘스터치,2019-01-22 04:35:13.586930,2019-01-22 04:35:13.586930
401,노원중계점,서울특별시,노원구,"한글비석로 233(중계동), 1층",02-931-0777,,2,맘스터치,2019-01-22 04:35:13.875893,2019-01-22 04:35:13.875893
402,영등포문래점,서울특별시,영등포구,"문래로 77(문래동3가), 1층",02-562-2707,,2,맘스터치,2019-01-22 04:35:13.968436,2019-01-22 04:35:13.968436
403,의정부신곡점,경기도,의정부시,"신곡동 발곡로 27,1층",031-878-3309,,2,맘스터치,2019-01-22 04:35:14.042793,2019-01-22 04:35:14.042793
404,강원횡성점,강원도,횡성군,"횡성읍 태기로 36,1층",033-343-6999,,2,맘스터치,2019-01-22 04:35:14.072072,2019-01-22 04:35:14.072072
405,아산풍기점,충청남도,아산시,"어의정로 184, 1층",041-531-9282,,2,맘스터치,2019-01-22 04:35:14.184533,2019-01-22 04:35:14.184533
406,시흥배곧1호점,경기도,시흥시,"서울대학로278번길 43-7(정왕동),1층",031-497-3399,,2,맘스터치,2019-01-22 04:35:14.258446,2019-01-22 04:35:14.258446
407,통영중앙점,경상남도,통영시,"중앙로 141,1층",055-648-1999,,2,맘스터치,2019-01-22 04:35:14.332851,2019-01-22 04:35:14.332851
408,청주가경강서점,충청북도,청주시,"흥덕구 서현북로 60,1층",043-233-7915,,2,맘스터치,2019-01-22 04:35:14.418726,2019-01-22 04:35:14.418726
409,구리갈매점,경기도,구리시,"갈매중앙로 89-10,1층",031-574-4600,,2,맘스터치,2019-01-22 04:35:14.516154,2019-01-22 04:35:14.516154
410,봉천현대시장점,서울특별시,관악구,"양녕로 43, 1층",02-876-1019,,2,맘스터치,2019-01-22 04:35:14.614315,2019-01-22 04:35:14.614315
411,남양주청학점,경기도,남양주시,별내면 청학로중앙길 13-23,031-846-0222,,2,맘스터치,2019-01-22 04:35:14.877372,2019-01-22 04:35:14.877372
412,마곡역홈앤쇼핑점,서울특별시,강서구,"공항대로 140(마곡동, 마곡엠밸리12단지), 1층",02-2661-4992,,2,맘스터치,2019-01-22 04:35:14.949873,2019-01-22 04:35:14.949873
413,금천시흥사거리점,서울특별시,금천구,"시흥대로204(시흥동),1층",02-804-7779,,2,맘스터치,2019-01-22 04:35:15.028564,2019-01-22 04:35:15.028564
414,강동역점,서울특별시,강동구,"성안로 149(천호동), 1층",02-471-2030,,2,맘스터치,2019-01-22 04:35:15.119486,2019-01-22 04:35:15.119486
415,아차산역점,서울특별시,광진구,"천호대로 655(중곡동), 2층",02-453-7780,,2,맘스터치,2019-01-22 04:35:15.203386,2019-01-22 04:35:15.203386
416,일산국립암센터점,경기도,고양시,"일산동구 일산로 323,1층",031-920-0263,,2,맘스터치,2019-01-22 04:35:15.282957,2019-01-22 04:35:15.282957
417,마포대흥역점,서울특별시,마포구,"백범로 99(대흥동), 1층",02-704-2800,,2,맘스터치,2019-01-22 04:35:15.340475,2019-01-22 04:35:15.340475
418,상계역점,서울특별시,노원구,"덕릉로83길 26(중계동), 2층",02-939-5279,,2,맘스터치,2019-01-22 04:35:15.417727,2019-01-22 04:35:15.417727
419,울산동구현대점,제주특별자치시,동구,방어진순환도로 899 현대백화점 B1층,052-250-4955,,2,맘스터치,2019-01-22 04:35:15.484819,2019-01-22 04:35:15.484819
420,울산문현점,제주특별자치시,동구,"문현2길 5,1층",052-232-1620,,2,맘스터치,2019-01-22 04:35:15.561341,2019-01-22 04:35:15.561341
421,용인역북점,경기도,용인시,처인구 명지로16번길 9-23(역북동),031-333-0220,,2,맘스터치,2019-01-22 04:35:15.880250,2019-01-22 04:35:15.880250
422,고대하나스퀘어점,서울특별시,성북구,인촌로22길 6-3 하나스퀘어 지하 1층,02-3290-2635,,2,맘스터치,2019-01-22 04:35:15.965246,2019-01-22 04:35:15.965246
423,한성대입구역점,서울특별시,성북구,삼선교로 8-1(삼선동1가 8-1) 1층,02-742-5185,,2,맘스터치,2019-01-22 04:35:16.032039,2019-01-22 04:35:16.032039
424,메가박스웅천점,전라남도,여수시,신월로 96,"",,2,맘스터치,2019-01-22 04:35:16.108305,2019-01-22 04:35:16.108305
425,부산문현금융단지점,부산광역시,남구,"문현금융로 22,2층",051-636-1112,,2,맘스터치,2019-01-22 04:35:16.180585,2019-01-22 04:35:16.180585
426,평택이충점,경기도,평택시,이충로35번길 28(이충동),031-668-1112,,2,맘스터치,2019-01-22 04:35:16.264921,2019-01-22 04:35:16.264921
427,마곡LG사이언스파크점,서울특별시,강서구,마곡중앙10로 10(마곡동) E동 지하1층,*특수매장으로 일반전화가 없습니다,,2,맘스터치,2019-01-22 04:35:16.341706,2019-01-22 04:35:16.341706
428,김해한림점,경상남도,김해시,한림면 김해대로 1464 104호,055-345-1199,,2,맘스터치,2019-01-22 04:35:16.404292,2019-01-22 04:35:16.404292
429,천안불무점,충청남도,천안시,서북구 불당23로 70(불당동) 정우프라자 1층,041-565-6688,,2,맘스터치,2019-01-22 04:35:16.482216,2019-01-22 04:35:16.482216
430,김해메가마트점,경상남도,김해시,김해대로 2492번길 20 김해메가마트,055-335-0203,,2,맘스터치,2019-01-22 04:35:16.540077,2019-01-22 04:35:16.540077
431,광주상무점,광주광역시,서구,치평로 79(치평동) 상무프라자,062-376-0010,,2,맘스터치,2019-01-22 04:35:16.795097,2019-01-22 04:35:16.795097
432,세종국책연구소점,세종특별자치시,시청대로,370 세종국책연구단지 B1층,*특수매장으로 일반전화가 없습니다,,2,맘스터치,2019-01-22 04:35:16.862470,2019-01-22 04:35:16.862470
433,화성남양점,경기도,화성시,남양읍 남양리 1189-2,031-357-0492,,2,맘스터치,2019-01-22 04:35:16.930631,2019-01-22 04:35:16.930631
434,수원정자점,경기도,수원시,"장안구 대평로 80(정자동), 2층",031-268-1231,,2,맘스터치,2019-01-22 04:35:17.004504,2019-01-22 04:35:17.004504
435,경남하동점,경상남도,하동군,하동읍 시장1길 25,055-883-2052,,2,맘스터치,2019-01-22 04:35:17.077572,2019-01-22 04:35:17.077572
436,강릉유천점,강원도,강릉시,선수촌로 67(홍제동),033-655-9272,,2,맘스터치,2019-01-22 04:35:17.152134,2019-01-22 04:35:17.152134
437,대구논공점,대구광역시,달성군,논공읍 논공로23길 1,053-614-3165,,2,맘스터치,2019-01-22 04:35:17.230816,2019-01-22 04:35:17.230816
438,대구구지점,대구광역시,달성군,구지면 과학마을로 60,053-616-7782,,2,맘스터치,2019-01-22 04:35:17.315986,2019-01-22 04:35:17.315986
439,은평불광1호점,서울특별시,은평구,불광로80,02-382-7005,,2,맘스터치,2019-01-22 04:35:17.346211,2019-01-22 04:35:17.346211
440,울산청량점,제주특별자치시,울주군,청량면 상남길 54 대산빌딩 104호 맘스터치,052-267-9991,,2,맘스터치,2019-01-22 04:35:17.434155,2019-01-22 04:35:17.434155
441,김포트레이더스점,경기도,김포시,김포대로 715,031-984-9880,,2,맘스터치,2019-01-22 04:35:17.760324,2019-01-22 04:35:17.760324
442,정관CGV점,부산광역시,기장군,정관읍 정관중앙로 45 910호,070-8801-9797,,2,맘스터치,2019-01-22 04:35:17.835642,2019-01-22 04:35:17.835642
443,남성역점,서울특별시,동작구,사당로 191(사당동),02-533-7782,,2,맘스터치,2019-01-22 04:35:17.914546,2019-01-22 04:35:17.914546
444,미사강변대로점,경기도,하남시,미사강변대로 80 그린프라자 2층,031-793-0605,,2,맘스터치,2019-01-22 04:35:17.998809,2019-01-22 04:35:17.998809
445,동탄11자상가점,경기도,화성시,동탄순환대로 690(영천동) 애플스퀘어 101호,031-377-8389,,2,맘스터치,2019-01-22 04:35:18.091219,2019-01-22 04:35:18.091219
446,창동역점,서울특별시,도봉구,노해로 63길 67,02-900-7925,,2,맘스터치,2019-01-22 04:35:18.186910,2019-01-22 04:35:18.186910
447,광주곤지암점,경기도,광주시,곤지암읍 곤지암로 36 1층,031-797-1436,,2,맘스터치,2019-01-22 04:35:18.282862,2019-01-22 04:35:18.282862
448,인천서창2지구점,인천광역시,남동구,서창남순환로215번길 27(서창동),032-473-3382,,2,맘스터치,2019-01-22 04:35:18.416620,2019-01-22 04:35:18.416620
449,춘천메가박스점,강원도,춘천시,춘천로17번길 17(온의동) 뉴타운 1층 105호,033-253-8800,,2,맘스터치,2019-01-22 04:35:18.492943,2019-01-22 04:35:18.492943
450,창원상남점,경상남도,창원시,성산구 마디미로16번길 3 2층,055-262-2269,,2,맘스터치,2019-01-22 04:35:18.520980,2019-01-22 04:35:18.520980
451,미아사거리역점,서울특별시,강북구,"도봉로10길 26(미아동) 1층, B1층",02-6326-9707,,2,맘스터치,2019-01-22 04:35:18.829761,2019-01-22 04:35:18.829761
452,동의의료원점,부산광역시,부산진구,양정로 52-57(양정동) 동의의료원 본관,051-868-0991,,2,맘스터치,2019-01-22 04:35:18.894362,2019-01-22 04:35:18.894362
453,신금호역점,서울특별시,성동구,금호로 160(금호동1가) 1층,02-2296-8982,,2,맘스터치,2019-01-22 04:35:18.951464,2019-01-22 04:35:18.951464
454,구파발역점,서울특별시,은평구,진관3로 21 (진관동) 엘크루상가 124호,02-385-8500,,2,맘스터치,2019-01-22 04:35:18.997015,2019-01-22 04:35:18.997015
455,(신)원주단계점,강원도,원주시,장미공원길 75-10(단계동),033-742-8292,,2,맘스터치,2019-01-22 04:35:19.045737,2019-01-22 04:35:19.045737
456,논산연무점,충청남도,논산시,연무읍 안심로 112,041-742-0114,,2,맘스터치,2019-01-22 04:35:19.102054,2019-01-22 04:35:19.102054
457,파주금촌역점,경기도,파주시,새꽃로 196,031-948-7666,,2,맘스터치,2019-01-22 04:35:19.162536,2019-01-22 04:35:19.162536
458,남양주장현점,경기도,남양주시,진접읍 봉현로 25 1층,031-572-3373,,2,맘스터치,2019-01-22 04:35:19.205318,2019-01-22 04:35:19.205318
459,시흥휴게소점,경기도,시흥시,조남동 산 15-10,070-4229-3255‬,,2,맘스터치,2019-01-22 04:35:19.249453,2019-01-22 04:35:19.249453
460,일산대화역점,경기도,고양시,일산서구 중앙로 1581 1층,031-923-3269,,2,맘스터치,2019-01-22 04:35:19.298741,2019-01-22 04:35:19.298741
461,송파마천점1,서울특별시,송파구,마천로 315 아울렛라이프상가 1층,02-402-1144,,2,맘스터치,2019-01-22 04:35:19.534065,2019-01-22 04:35:19.534065
462,천안쌍용고점,충청남도,천안시,"서북구 월봉2길 16, 101호 1층",041-592-0011,,2,맘스터치,2019-01-22 04:35:19.590028,2019-01-22 04:35:19.590028
463,신정네거리역점,서울특별시,양천구,중앙로 269(신정동),02-2065-7779,,2,맘스터치,2019-01-22 04:35:19.644893,2019-01-22 04:35:19.644893
464,중곡역점,서울특별시,광진구,"능동로 409-1(중곡동) 1,2층",02-462-3300,,2,맘스터치,2019-01-22 04:35:19.684913,2019-01-22 04:35:19.684913
465,대전가오점,대전광역시,동구,은어송로 42-3 1층,042-282-3001,,2,맘스터치,2019-01-22 04:35:19.740515,2019-01-22 04:35:19.740515
466,포미점,전라남도,목포시,용해지구로 2,061-273-9282,,2,맘스터치,2019-01-22 04:35:19.809179,2019-01-22 04:35:19.809179
467,충북대소점,충청북도,음성군,대소면 대동로 876 1층,043-882-9997,,2,맘스터치,2019-01-22 04:35:19.877537,2019-01-22 04:35:19.877537
468,의령점,경상남도,의령군,의령읍 의병로 227-1,055-572-3388,,2,맘스터치,2019-01-22 04:35:19.942655,2019-01-22 04:35:19.942655
469,천안법원점,충청남도,천안시,동남구 청수5로 3(청당동) 1층,041-555-9388,,2,맘스터치,2019-01-22 04:35:19.995466,2019-01-22 04:35:19.995466
470,안양평촌학원가점,경기도,안양시,동안구 귀인로 190(평촌동) 1층,031-381-1270,,2,맘스터치,2019-01-22 04:35:20.043619,2019-01-22 04:35:20.043619
471,의정부경민점,경기도,의정부시,호국로1111번길 19(가능동) 1층,031-878-8982,,2,맘스터치,2019-01-22 04:35:20.345855,2019-01-22 04:35:20.345855
472,세종새롬동점,세종특별자치시,새롬중앙로,55(새롬동) 1층,044-867-0626,,2,맘스터치,2019-01-22 04:35:20.385780,2019-01-22 04:35:20.385780
473,대전태평점,대전광역시,중구,태평로 71 1층 (태평동),042-535-3311,,2,맘스터치,2019-01-22 04:35:20.462594,2019-01-22 04:35:20.462594
474,광주신현리점,경기도,광주시,"오포읍 신현로 84, 1동 1층",031-717-7183,,2,맘스터치,2019-01-22 04:35:20.552652,2019-01-22 04:35:20.552652
475,파주봉일천점,경기도,파주시,봉천로 42-1,031-944-7002,,2,맘스터치,2019-01-22 04:35:20.645143,2019-01-22 04:35:20.645143
476,대전송강점,대전광역시,유성구,봉산로 15,042-936-1575,,2,맘스터치,2019-01-22 04:35:20.715789,2019-01-22 04:35:20.715789
477,왕십리뉴타운점,서울특별시,성동구,왕십리로 410,02-2281-8871,,2,맘스터치,2019-01-22 04:35:20.783099,2019-01-22 04:35:20.783099
478,울산모다아울렛점,제주특별자치시,북구,진장유통로 78-6 4층 모다아울렛,052-935-3073,,2,맘스터치,2019-01-22 04:35:20.837907,2019-01-22 04:35:20.837907
479,처인구청점,경기도,용인시,처인구 금령로 86(김량장동),031-321-0017,,2,맘스터치,2019-01-22 04:35:20.912775,2019-01-22 04:35:20.912775
480,청주하복대점,충청북도,청주시,흥덕구 증안로 20 1층,043-235-1008,,2,맘스터치,2019-01-22 04:35:20.977050,2019-01-22 04:35:20.977050
481,부천약대점,경기도,부천시,중동로 416-1(삼정동),032-673-4512,,2,맘스터치,2019-01-22 04:35:21.167563,2019-01-22 04:35:21.167563
482,안산반월점,경기도,안산시,상록구 건건로 123(건건동),031-438-7799,,2,맘스터치,2019-01-22 04:35:21.229240,2019-01-22 04:35:21.229240
483,순천만국가정원점,전라남도,순천시,국가정원1호길 162-11,*특수매장으로 일반전화가 없습니다,,2,맘스터치,2019-01-22 04:35:21.283722,2019-01-22 04:35:21.283722
484,전남보성읍점,전라남도,보성군,보성읍 중앙로 57 1층,061-852-4266,,2,맘스터치,2019-01-22 04:35:21.345565,2019-01-22 04:35:21.345565
485,안성공도점,경기도,안성시,"공도읍 공도4로 3, 1층",031-651-9070,,2,맘스터치,2019-01-22 04:35:21.392352,2019-01-22 04:35:21.392352
486,간성점,강원도,고성군,간성읍 간성로 63 1층,033-682-9500,,2,맘스터치,2019-01-22 04:35:21.518633,2019-01-22 04:35:21.518633
487,남양주퇴계원점,경기도,남양주시,퇴계원로 26 1층,031-574-1912,,2,맘스터치,2019-01-22 04:35:21.618975,2019-01-22 04:35:21.618975
488,(신)평릉부곡점,강원도,동해시,발한로71,033-534-2117,,2,맘스터치,2019-01-22 04:35:21.694460,2019-01-22 04:35:21.694460
489,대전도안점,대전광역시,유성구,봉명서로 31-13 1층,042-825-4111,,2,맘스터치,2019-01-22 04:35:21.762695,2019-01-22 04:35:21.762695
490,관악대학동점,서울특별시,관악구,"신림로 89 대일고시원, 제비호 1층",02-6465-5362,,2,맘스터치,2019-01-22 04:35:21.814095,2019-01-22 04:35:21.814095
491,인제읍점,강원도,인제군,인제읍 비봉로 7 1층,033-461-2366,,2,맘스터치,2019-01-22 04:35:22.033805,2019-01-22 04:35:22.033805
492,광명사거리역점,경기도,광명시,"오리로 971(광명동) , 2층",02-3666-8088,,2,맘스터치,2019-01-22 04:35:22.089588,2019-01-22 04:35:22.089588
493,안동대점,경상북도,안동시,경동로 1375 안동대학교 박물관 1층,054-820-6727,,2,맘스터치,2019-01-22 04:35:22.151363,2019-01-22 04:35:22.151363
494,충주성서점,충청북도,충주시,예성로 156-1(성서동),043-846-6780,,2,맘스터치,2019-01-22 04:35:22.208252,2019-01-22 04:35:22.208252
495,안성진사리점,경기도,안성시,공도읍 진사길 18 1층,031-618-9991,,2,맘스터치,2019-01-22 04:35:22.267527,2019-01-22 04:35:22.267527
496,영남대점,경상북도,경산시,청운로 13-3 1층,053-811-7792,,2,맘스터치,2019-01-22 04:35:22.311187,2019-01-22 04:35:22.311187
497,관악사당역점,서울특별시,관악구,"과천대로 947(남현동), 2층",02-585-2229,,2,맘스터치,2019-01-22 04:35:22.362582,2019-01-22 04:35:22.362582
498,서대전점,대전광역시,중구,계백로 1689(오류동) 1층,042-522-6633,,2,맘스터치,2019-01-22 04:35:22.412863,2019-01-22 04:35:22.412863
499,경인교대점,인천광역시,계양구,계양대로 166(계산동) 1층,032-555-0770,,2,맘스터치,2019-01-22 04:35:22.466604,2019-01-22 04:35:22.466604
500,트리플스트리트점,인천광역시,연수구,송도과학로16번길 33-4(송도동) B1층 101호,032-310-9699,,2,맘스터치,2019-01-22 04:35:22.526996,2019-01-22 04:35:22.526996
501,대구동성로점,대구광역시,중구,동성로 6길 75 1층,053-423-5777,,2,맘스터치,2019-01-22 04:35:22.736644,2019-01-22 04:35:22.736644
502,오남양지점,경기도,남양주시,오남읍 진건오남로 812 1층,031-574-7503,,2,맘스터치,2019-01-22 04:35:22.811270,2019-01-22 04:35:22.811270
503,대전반석점,대전광역시,유성구,"반석로 32 양지타워 1 ,2층",042-825-7133,,2,맘스터치,2019-01-22 04:35:22.861441,2019-01-22 04:35:22.861441
504,화성병점동점,경기도,화성시,병점2로 44(병점동),031-236-1006,,2,맘스터치,2019-01-22 04:35:22.902941,2019-01-22 04:35:22.902941
505,남양주평내점,경기도,남양주시,평내로29번길 49(평내동) 엠투프라자 제1층,031-594-2344,,2,맘스터치,2019-01-22 04:35:22.969478,2019-01-22 04:35:22.969478
506,관악신대방역점,서울특별시,관악구,신사로 90(신림동),02-852-5888,,2,맘스터치,2019-01-22 04:35:23.019159,2019-01-22 04:35:23.019159
507,울산약사점,제주특별자치시,중구,곽남7길 3(남외동) 1층,052-294-0998,,2,맘스터치,2019-01-22 04:35:23.084688,2019-01-22 04:35:23.084688
508,수원세류점,경기도,수원시,"권선구 세지로 99(세류동, 삼익아파트) 상가동 102~103호",031-222-9759,,2,맘스터치,2019-01-22 04:35:23.144983,2019-01-22 04:35:23.144983
509,용인흥덕점,경기도,용인시,기흥구 흥덕중앙로 41,031-216-4982,,2,맘스터치,2019-01-22 04:35:23.188547,2019-01-22 04:35:23.188547
510,대구대점,경상북도,경산시,진량읍 대구대로 252-2,053-246-2004,,2,맘스터치,2019-01-22 04:35:23.240191,2019-01-22 04:35:23.240191
511,덕천점,부산광역시,북구,만덕대로 20-1,051-336-4000,,2,맘스터치,2019-01-22 04:35:23.504472,2019-01-22 04:35:23.504472
512,NC백화점서면점,부산광역시,진구,동천로 92 (nc백화점 6층),051-794-7312,,2,맘스터치,2019-01-22 04:35:23.584608,2019-01-22 04:35:23.584608
513,울산신선도원점,제주특별자치시,북구,진장17길 10 2층 신선도원몰,052-916-0254,,2,맘스터치,2019-01-22 04:35:23.717128,2019-01-22 04:35:23.717128
514,광양제철점,전라남도,광양시,금호로 26,061-795-7931,,2,맘스터치,2019-01-22 04:35:23.767541,2019-01-22 04:35:23.767541
515,제주남원점,제주특별자치시,서귀포시,남원읍 태위로 677-2,064-764-8299,,2,맘스터치,2019-01-22 04:35:23.819452,2019-01-22 04:35:23.819452
516,순천모다아울렛점,전라남도,순천시,해룡면 상성길 70 모다아울렛 3층,061-902-8093,,2,맘스터치,2019-01-22 04:35:23.875555,2019-01-22 04:35:23.875555
517,아산순천향대점,충청남도,아산시,"신창면 순천향로 14, 2층",041-542-4626,,2,맘스터치,2019-01-22 04:35:23.926935,2019-01-22 04:35:23.926935
518,평창읍점,강원도,평창군,평창읍 백오로 54,033-332-9333,,2,맘스터치,2019-01-22 04:35:23.952403,2019-01-22 04:35:23.952403
519,모란역점,경기도,성남시,중원구 성남대로 1144,031-755-5592,,2,맘스터치,2019-01-22 04:35:24.003380,2019-01-22 04:35:24.003380
520,목포MBC점,전라남도,목포시,영산로 333-1,061-272-3327,,2,맘스터치,2019-01-22 04:35:24.050702,2019-01-22 04:35:24.050702
521,운정산내마을점,경기도,파주시,"청암로17번길 53,108.109호",031-935-5011,,2,맘스터치,2019-01-22 04:35:24.267950,2019-01-22 04:35:24.267950
522,용인보정점,경기도,용인시,기흥구 죽전로 50,031-261-0566,,2,맘스터치,2019-01-22 04:35:24.321759,2019-01-22 04:35:24.321759
523,노원하계점,서울특별시,노원구,노원로 257(하계동),02-979-1087,,2,맘스터치,2019-01-22 04:35:24.380685,2019-01-22 04:35:24.380685
524,서울외대점,서울특별시,동대문구,이문로 108 2층,02-959-6632,,2,맘스터치,2019-01-22 04:35:24.434708,2019-01-22 04:35:24.434708
525,파주LG디스플레이점,경기도,파주시,월롱면 엘씨디로 201 복지동A,031-943-4030,,2,맘스터치,2019-01-22 04:35:24.495144,2019-01-22 04:35:24.495144
526,시흥거모점,경기도,시흥시,"군자로 519(거모동, 해오름아파트102동) 101호",031-493-7700,,2,맘스터치,2019-01-22 04:35:24.553008,2019-01-22 04:35:24.553008
527,강원속초점,강원도,속초시,중앙로 107-1(금호동),033-637-6008,,2,맘스터치,2019-01-22 04:35:24.628844,2019-01-22 04:35:24.628844
528,진해자은점,경상남도,창원시,"진해구 냉천로 160 ,204호(자은동)",055-551-0052 ,,2,맘스터치,2019-01-22 04:35:24.680631,2019-01-22 04:35:24.680631
529,계룡엄사점,충청남도,계룡시,엄사면 엄사중앙로 106(엄사리 180-3),042-841-9288,,2,맘스터치,2019-01-22 04:35:24.752380,2019-01-22 04:35:24.752380
530,고양중부대점,경기도,고양시,덕양구 동헌로 307번길 6,031-969-1001,,2,맘스터치,2019-01-22 04:35:24.812001,2019-01-22 04:35:24.812001
531,인천길병원점,인천광역시,남동구,구월남로 182(구월동),032-466-9977,,2,맘스터치,2019-01-22 04:35:25.084163,2019-01-22 04:35:25.084163
532,제주표선점,제주특별자치시,서귀포시,표선면 표선중앙로 8-4,064-787-9582,,2,맘스터치,2019-01-22 04:35:25.135791,2019-01-22 04:35:25.135791
533,대구월성CGV점,대구광역시,달서구,조암로 29 이래타워 1층 106호,053-638-4242,,2,맘스터치,2019-01-22 04:35:25.181648,2019-01-22 04:35:25.181648
534,창원가음점,경상남도,창원시,성산구 원이대로883길 15-24 201호,055-262-0019,,2,맘스터치,2019-01-22 04:35:25.243418,2019-01-22 04:35:25.243418
535,고흥녹동점,전라남도,고흥군,도양읍 우주항공로 54,061-842-4422,,2,맘스터치,2019-01-22 04:35:25.269025,2019-01-22 04:35:25.269025
536,성남신흥점,경기도,성남시,수정구 수정로 192 1층,031-751-3388,,2,맘스터치,2019-01-22 04:35:25.322140,2019-01-22 04:35:25.322140
537,대전가수원점,대전광역시,서구,원도안로 16 (가수원동),042-542-4888,,2,맘스터치,2019-01-22 04:35:25.376691,2019-01-22 04:35:25.376691
538,부평갈산점,인천광역시,부평구,주부토로 223(갈산동) 금강프라자,032-505-6500,,2,맘스터치,2019-01-22 04:35:25.427307,2019-01-22 04:35:25.427307
539,송파풍납점,서울특별시,송파구,토성로 65(풍납동),02-477-7773,,2,맘스터치,2019-01-22 04:35:25.482869,2019-01-22 04:35:25.482869
540,고양능곡점,제주특별자치시,덕양구,지도로 101,031-972-8982,,2,맘스터치,2019-01-22 04:35:25.526713,2019-01-22 04:35:25.526713
541,강남논현점,서울특별시,강남구,강남대로120길 47(논현동),02-3446-7776,,2,맘스터치,2019-01-22 04:35:25.818137,2019-01-22 04:35:25.818137
542,창녕영산점,경상남도,창녕군,영산면 영산계성로 64,055-521-2525,,2,맘스터치,2019-01-22 04:35:25.896276,2019-01-22 04:35:25.896276
543,양산증산점,광주광역시,양산시,물금읍 야리로 112,055-366-6777,,2,맘스터치,2019-01-22 04:35:25.937311,2019-01-22 04:35:25.937311
544,수원탑동점,경기도,수원시,권선구 금호로 222,031-297-3690,,2,맘스터치,2019-01-22 04:35:25.995685,2019-01-22 04:35:25.995685
545,종로대학로점,서울특별시,종로구,대명길 17(명륜4가),02-744-3618,,2,맘스터치,2019-01-22 04:35:26.034702,2019-01-22 04:35:26.034702
546,창원안민점,경상남도,창원시,성산구 안민안길 46,055-274-1578,,2,맘스터치,2019-01-22 04:35:26.078510,2019-01-22 04:35:26.078510
547,충북보은점,충청북도,보은군,보은읍 뱃들로 55-6,043-544-7060,,2,맘스터치,2019-01-22 04:35:26.127514,2019-01-22 04:35:26.127514
548,우장산역점,서울특별시,강서구,강서로 271,02-2664-1212,,2,맘스터치,2019-01-22 04:35:26.152801,2019-01-22 04:35:26.152801
549,청주수곡분평점,충청북도,청주시,서원구 청남로 1999,043-286-3900,,2,맘스터치,2019-01-22 04:35:26.217938,2019-01-22 04:35:26.217938
550,일산백석점,경기도,고양시,일산동구 중앙로 1080,031-907-2141,,2,맘스터치,2019-01-22 04:35:26.293988,2019-01-22 04:35:26.293988
551,동아대병원점,부산광역시,서구,보수대로 266(동대신동3가),051-255-9027,,2,맘스터치,2019-01-22 04:35:26.577978,2019-01-22 04:35:26.577978
552,대곡역점,대구광역시,달서구,비슬로 2728,053-643-7979,,2,맘스터치,2019-01-22 04:35:26.640476,2019-01-22 04:35:26.640476
553,부산거제홈타운점,부산광역시,연제구,아시아드대로 88(거제동),051-505-1718,,2,맘스터치,2019-01-22 04:35:26.684742,2019-01-22 04:35:26.684742
554,청주내수점,충청북도,청주시,청원구 내수읍 내수로 724,043-215-4340,,2,맘스터치,2019-01-22 04:35:26.748326,2019-01-22 04:35:26.748326
555,암사역점,서울특별시,강동구,올림픽로 766,02-6406-2554,,2,맘스터치,2019-01-22 04:35:26.819014,2019-01-22 04:35:26.819014
556,화서역점,경기도,수원시,팔달구 덕영대로 697번길 17,031-255-9888,,2,맘스터치,2019-01-22 04:35:26.886576,2019-01-22 04:35:26.886576
557,진주평거점,경상남도,진주시,진양호로 84 성운빌딩1층,055-748-7075,,2,맘스터치,2019-01-22 04:35:26.967606,2019-01-22 04:35:26.967606
558,한림대점,강원도,춘천시,성심로 4-1,033-255-7992,,2,맘스터치,2019-01-22 04:35:27.019735,2019-01-22 04:35:27.019735
559,천마산점,경기도,남양주시,화도읍 경춘로 1661,031-511-1633,,2,맘스터치,2019-01-22 04:35:27.070743,2019-01-22 04:35:27.070743
560,청주우암점,충청북도,청주시,청원구 직지대로 889(우암동) 1층,043-221-7799,,2,맘스터치,2019-01-22 04:35:27.128716,2019-01-22 04:35:27.128716
561,제주한림점,제주특별자치시,제주시,한림읍 명랑로 2,064-796-3699,,2,맘스터치,2019-01-22 04:35:27.755119,2019-01-22 04:35:27.755119
562,둔포테크노밸리점,충청남도,아산시,둔포면 아산밸리중앙로 89 삼성플라자104,041-532-4240,,2,맘스터치,2019-01-22 04:35:27.862473,2019-01-22 04:35:27.862473
563,종각역점,서울특별시,종로구,종로2가 102-1,02-738-7771,,2,맘스터치,2019-01-22 04:35:27.953072,2019-01-22 04:35:27.953072
564,정평점,경상북도,경산시,대학로 36,053-815-5004,,2,맘스터치,2019-01-22 04:35:28.007936,2019-01-22 04:35:28.007936
565,김포통진점,경기도,김포시,통진읍 김포대로 2230번길 21-10,031-989-5117,,2,맘스터치,2019-01-22 04:35:28.092409,2019-01-22 04:35:28.092409
566,충주연수점,충청북도,충주시,갱고개로 143(연수동),043-845-9778,,2,맘스터치,2019-01-22 04:35:28.143220,2019-01-22 04:35:28.143220
567,서산테크노밸리점,충청남도,서산시,성연면 성연3로 29,041-669-8242,,2,맘스터치,2019-01-22 04:35:28.187845,2019-01-22 04:35:28.187845
568,영통역점,경기도,수원시,영통구 봉영로 1590(영통동),031-202-5558,,2,맘스터치,2019-01-22 04:35:28.243457,2019-01-22 04:35:28.243457
569,안산한대역점,제주특별자치시,상록구,광덕1로 380,031-416-7889,,2,맘스터치,2019-01-22 04:35:28.268031,2019-01-22 04:35:28.268031
570,거제상동점,경상남도,거제시,상동5길 115,055-633-7272,,2,맘스터치,2019-01-22 04:35:28.315828,2019-01-22 04:35:28.315828
571,대전복합터미널점,대전광역시,동구,동서대로 1688(성남동),042-621-0125,,2,맘스터치,2019-01-22 04:35:28.585945,2019-01-22 04:35:28.585945
572,부산시청점,부산광역시,연제구,중앙대로 1037(연산동),051-863-9282,,2,맘스터치,2019-01-22 04:35:28.647206,2019-01-22 04:35:28.647206
573,광주태전점,경기도,광주시,고불로 46번길 4,031-763-6249,,2,맘스터치,2019-01-22 04:35:28.710974,2019-01-22 04:35:28.710974
574,순천왕지점,전라남도,순천시,왕궁중앙길 2,061-725-4141,,2,맘스터치,2019-01-22 04:35:28.754893,2019-01-22 04:35:28.754893
575,서귀중앙점,제주특별자치시,서귀포시,중앙로 69,064-762-8299,,2,맘스터치,2019-01-22 04:35:28.809748,2019-01-22 04:35:28.809748
576,율하점3,경상남도,김해시,율하2로 52,055-327-9282,,2,맘스터치,2019-01-22 04:35:28.866771,2019-01-22 04:35:28.866771
577,금천은행나무점,서울특별시,금천구,금하로 726,02-892-3338,,2,맘스터치,2019-01-22 04:35:28.932255,2019-01-22 04:35:28.932255
578,봉명아이파크점,충청북도,청주시,"흥덕구 덕암로 108번길 65, 1층",043-900-7766,,2,맘스터치,2019-01-22 04:35:29.045333,2019-01-22 04:35:29.045333
579,세종아름점,세종특별자치시,보듬3로,"100(아름동,해피라움1)",044-866-4288,,2,맘스터치,2019-01-22 04:35:29.111839,2019-01-22 04:35:29.111839
580,신서귀포점,제주특별자치시,서귀포시,대청로 39,064-732-8299,,2,맘스터치,2019-01-22 04:35:29.160057,2019-01-22 04:35:29.160057
581,서울등촌점,서울특별시,양천구,목동중앙북로7길 20 (서울 양천구 목동 602-15),02-2652-6842,,2,맘스터치,2019-01-22 04:35:29.463196,2019-01-22 04:35:29.463196
582,광주경안점,경기도,광주시,경안로 17,031-762-7672,,2,맘스터치,2019-01-22 04:35:29.583884,2019-01-22 04:35:29.583884
583,수유역점,서울특별시,강북구,도봉로87길 7,02-992-5050,,2,맘스터치,2019-01-22 04:35:29.701592,2019-01-22 04:35:29.701592
584,대전산성동점,대전광역시,중구,대둔산로 391,042-584-0151,,2,맘스터치,2019-01-22 04:35:29.786366,2019-01-22 04:35:29.786366
585,해운대중동점,부산광역시,해운대구,중동1로 23,051-744-5882,,2,맘스터치,2019-01-22 04:35:29.887130,2019-01-22 04:35:29.887130
586,석계역점,서울특별시,노원구,석계로1길 18,02-909-5892,,2,맘스터치,2019-01-22 04:35:29.950035,2019-01-22 04:35:29.950035
587,화천사내점,강원도,화천군,사내면 사내로 42,033-441-8890,,2,맘스터치,2019-01-22 04:35:30.011496,2019-01-22 04:35:30.011496
588,서울대입구역점,서울특별시,관악구,관악로 192,02-877-0032,,2,맘스터치,2019-01-22 04:35:30.097872,2019-01-22 04:35:30.097872
589,향남롯데시네마점,경기도,화성시,향남읍 상신하길로298번길 7-23,031-354-6858,,2,맘스터치,2019-01-22 04:35:30.178748,2019-01-22 04:35:30.178748
